tx_count,unique_counterparties,counterparty_entropy,avg_value,std_value,max_value,min_value,value_range_ratio,identical_amount_ratio,self_transfer_ratio,circular_path_score,avg_time_between_tx,time_regularity,burst_score,night_ratio,weekend_ratio,tx_per_day,gas_efficiency,inflow_outflow_ratio,avg_block_gap,unique_values_ratio,small_tx_ratio,round_amount_ratio,activity_span_days,label
16,4,19,47,5,4,45,55,64,17,79,8,58,32,33,51,25,44,63,9,56,36,42,19,3
96,5,13,63,0,6,62,2,99,89,81,0,0,23,46,73,36,48,63,0,3,26,111,6,4
83,39,112,30,2,3,29,29,54,2,0,3,16,10,16,12,87,46,74,3,93,38,42,17,2
3,3,3,0,10,0,0,36,85,21,4,34,81,4,0,29,2,58,42,8,63,58,27,2,1
88,3,13,39,0,4,38,18,82,76,43,0,5,78,93,43,37,32,52,0,7,33,116,8,4
70,66,85,54,32,11,49,69,10,1,10,48,26,13,14,21,14,79,54,50,83,14,27,54,0
42,10,31,50,7,5,41,31,66,42,69,6,59,16,48,54,9,55,78,19,54,16,42,29,3
2,0,18,7,1,1,7,94,66,24,9,52,29,4,48,33,2,79,47,9,114,21,18,11,1
30,5,25,44,0,4,44,7,120,64,45,0,11,97,71,67,106,24,57,0,10,2,94,4,4
0,1,42,18,4,2,17,2,88,23,0,91,40,5,7,59,0,37,87,86,122,62,76,18,1
3,3,45,20,9,2,20,95,26,16,4,59,76,5,30,4,1,111,46,17,127,11,29,6,1
43,27,83,5,38,5,2,117,35,3,8,24,83,2,8,22,31,19,67,28,119,13,26,21,0
54,26,93,41,5,5,39,30,40,5,3,1,8,1,12,18,81,48,40,4,54,9,43,94,2
56,1,28,28,0,3,27,10,100,36,57,0,0,36,89,49,54,43,70,0,25,28,94,7,4
31,6,42,10,3,1,0,63,77,49,70,8,41,52,76,57,46,18,52,18,58,17,75,2,3
37,65,74,5,20,2,0,76,14,5,4,37,53,9,15,36,3,21,78,29,71,33,35,2,0
75,3,15,43,0,4,42,13,91,61,82,0,9,100,86,29,23,45,68,0,3,34,96,2,4
14,3,9,19,0,2,19,2,77,65,76,0,12,26,34,66,15,49,72,0,19,24,116,1,4
53,88,105,47,14,10,32,95,10,0,7,34,81,6,25,42,14,49,71,33,73,13,55,14,0
37,90,69,10,6,1,5,47,32,1,6,3,14,9,22,6,25,38,45,4,88,34,55,55,2
70,22,112,12,35,7,1,92,36,6,11,56,13,11,9,44,11,101,66,31,118,33,36,14,0
102,28,86,42,1,4,38,54,73,3,1,4,20,12,17,23,126,82,41,0,57,18,46,127,2
37,59,64,25,4,3,3,93,19,0,1,30,57,1,26,32,5,56,45,38,111,35,52,41,0
44,37,83,90,5,9,86,58,61,5,1,0,17,1,7,16,123,85,79,2,57,17,47,68,2
9,2,19,44,0,6,36,31,86,60,122,8,21,45,60,42,39,58,74,11,20,9,75,30,3
47,23,56,20,36,4,4,110,16,2,10,55,83,3,14,43,8,40,87,62,80,28,37,37,0
107,4,28,19,0,2,19,17,121,61,93,0,5,61,54,73,109,29,55,1,7,15,115,7,4
0,3,39,17,6,2,11,60,69,5,1,19,105,6,27,39,0,18,56,43,95,14,25,10,1
84,0,16,14,0,1,14,12,79,70,58,0,9,85,38,67,37,22,64,0,14,33,125,7,4
88,25,117,13,4,2,7,60,42,4,2,5,13,3,11,14,45,38,46,5,90,12,68,82,2
98,1,34,23,0,2,23,10,102,58,60,0,4,30,91,67,67,32,51,0,16,9,113,6,4
42,120,85,20,0,2,17,41,67,4,0,1,14,7,7,18,117,85,71,1,77,20,76,88,2
42,0,6,42,0,4,41,12,121,63,55,0,5,21,79,27,108,33,54,0,6,15,117,4,4
0,4,21,20,2,2,19,77,36,23,5,85,66,5,10,18,0,41,51,77,81,43,7,1,1
126,1,20,19,0,1,18,22,80,43,108,0,0,81,58,59,57,28,57,0,5,12,112,5,4
52,85,101,83,2,8,80,29,52,2,5,5,12,5,19,9,51,85,68,1,90,29,61,10,2
71,4,15,20,0,2,19,6,120,79,39,0,9,122,96,45,95,38,59,0,18,26,90,8,4
63,2,34,43,0,4,42,6,121,64,38,0,9,64,63,52,44,40,61,1,24,8,66,4,4
59,54,104,34,0,5,33,117,34,5,3,4,76,18,8,31,3,80,77,8,91,23,26,55,0
3,2,31,20,11,2,19,3,30,5,4,49,86,4,17,45,2,115,83,96,120,0,22,17,1
0,1,5,11,2,1,10,2,21,24,8,109,101,4,45,7,2,26,76,115,89,61,68,14,1
7,6,28,21,6,3,13,31,48,18,97,8,10,20,47,56,46,20,76,2,56,9,68,24,3
1,2,8,10,4,1,7,6,85,16,4,22,23,2,38,62,0,67,101,109,53,61,46,20,1
25,77,92,23,24,6,5,105,27,5,8,57,59,6,17,34,28,20,53,48,74,10,40,61,0
35,6,54,53,9,5,43,43,43,27,109,7,43,12,34,13,43,63,50,7,19,33,55,22,3
27,1,35,59,0,6,58,8,116,72,96,0,12,92,91,75,23,39,75,0,14,13,81,4,4
121,37,84,19,5,2,14,32,48,4,4,2,10,5,10,13,106,31,47,5,84,10,77,19,2
69,58,65,53,4,6,51,43,64,2,2,4,13,9,23,18,28,37,49,2,60,27,60,39,2
56,88,109,21,1,5,0,108,33,5,12,24,81,8,8,26,6,26,86,50,119,27,21,61,0
3,3,11,17,9,2,15,32,52,0,11,22,20,4,9,13,0,73,89,119,59,5,55,6,1
42,39,51,34,9,8,14,85,25,4,9,44,19,3,18,25,33,38,83,26,74,29,53,37,0
38,84,90,60,3,11,47,113,18,1,0,54,22,4,16,33,34,53,54,45,108,22,45,13,0
86,97,66,54,4,6,52,59,37,2,0,1,19,2,6,15,51,36,51,0,81,33,68,124,2
68,9,93,16,11,4,2,67,15,0,2,56,50,12,26,39,38,82,56,35,91,35,38,26,0
3,4,47,14,11,2,11,60,44,7,10,95,71,4,33,15,0,72,88,50,47,45,63,2,1
54,37,57,25,22,3,4,81,15,4,7,21,77,19,15,42,14,29,86,58,87,13,50,10,0
22,5,24,9,0,1,8,11,112,73,43,0,1,13,89,65,126,20,55,0,11,24,113,9,4
44,7,41,51,0,6,43,85,85,22,44,2,11,11,37,55,11,41,65,0,44,14,69,6,3
27,121,67,44,3,4,42,24,65,1,1,0,17,8,8,20,43,31,42,4,87,19,39,107,2
52,82,106,39,6,7,28,74,36,4,12,47,47,7,12,31,3,45,40,13,116,17,36,30,0
17,92,85,4,10,5,0,110,27,6,7,60,77,12,24,32,32,61,84,47,91,14,25,41,0
2,0,40,22,0,2,21,7,63,20,1,35,79,5,44,19,1,47,85,90,64,9,67,1,1
73,118,78,9,2,1,7,51,32,3,4,4,14,11,10,7,122,83,74,4,40,37,87,78,2
47,4,13,60,11,8,59,88,86,34,70,1,21,33,16,43,7,49,81,11,56,7,37,4,3
2,2,35,10,12,2,9,3,95,19,9,78,6,3,10,3,2,95,73,41,45,32,65,6,1
31,12,23,41,4,5,29,67,84,39,97,6,9,53,31,12,24,33,70,25,58,24,47,1,3
2,1,34,6,6,1,4,92,76,5,2,107,42,5,36,31,1,80,69,89,89,4,9,1,1
2,2,12,8,11,1,2,3,51,23,4,50,40,3,2,35,2,43,79,66,50,45,37,2,1
2,2,22,6,5,0,1,38,40,15,9,82,56,5,50,33,1,97,28,127,84,25,56,11,1
123,2,10,21,0,2,21,14,113,71,56,0,2,114,90,64,58,28,73,0,17,5,95,5,4
52,30,92,9,32,1,0,70,10,0,2,13,31,10,11,37,12,16,63,13,117,16,12,43,0
76,108,126,29,1,3,28,13,38,0,3,4,10,7,17,14,110,62,70,5,101,30,74,125,2
45,15,69,34,13,6,24,91,25,0,3,9,56,13,7,41,13,34,76,58,115,7,54,20,0
20,8,23,9,8,2,6,37,47,27,124,8,32,56,57,37,27,51,68,10,18,12,61,4,3
67,85,113,51,5,6,46,43,37,2,3,2,7,8,7,10,116,41,51,3,40,36,61,53,2
20,18,116,37,18,8,16,74,9,2,5,30,65,13,31,21,16,43,82,16,74,20,34,19,0
46,5,5,7,0,0,6,13,106,49,31,0,0,14,50,38,69,29,53,0,18,30,96,0,4
7,10,94,37,25,8,26,100,22,4,3,61,47,15,23,26,3,18,60,31,75,25,28,46,0
53,29,117,12,1,2,9,55,50,0,1,1,21,8,16,22,87,86,68,0,85,29,48,103,2
66,38,127,67,2,7,63,13,56,6,0,2,5,12,16,6,57,27,84,3,93,36,48,81,2
23,5,22,21,0,2,21,7,78,38,47,0,0,47,55,44,114,18,71,1,3,14,95,1,4
7,63,58,30,2,5,24,82,30,2,9,53,31,2,6,33,38,44,71,50,101,30,61,14,0
39,2,12,29,12,4,16,75,39,48,90,0,27,60,69,34,34,48,73,1,40,26,72,30,3
2,1,16,22,5,2,18,92,82,12,9,83,81,3,29,28,1,101,50,103,97,26,17,8,1
39,11,53,42,8,4,39,57,77,27,93,4,23,23,74,18,46,55,74,13,58,10,50,14,3
118,24,69,77,6,8,74,31,61,0,3,3,14,2,15,11,76,52,41,1,99,17,58,118,2
64,24,103,32,2,4,32,19,63,2,4,2,5,3,12,10,22,41,67,4,55,23,53,7,2
87,71,79,47,5,5,43,46,75,1,4,0,3,5,20,18,106,30,77,4,39,30,42,77,2
13,10,24,9,6,2,7,79,81,32,46,6,13,42,18,20,57,47,67,20,43,19,71,5,3
67,64,98,11,3,6,3,82,36,0,2,24,65,11,29,21,23,67,63,2,118,11,58,11,0
57,34,92,33,15,7,26,104,6,5,6,46,66,13,15,20,25,42,54,54,105,16,28,27,0
58,4,24,2,0,0,1,3,124,39,42,0,10,117,74,65,83,42,62,0,11,8,112,7,4
40,2,19,36,7,4,25,68,61,20,41,7,62,46,42,22,6,35,54,11,24,8,28,27,3
36,2,53,20,11,2,10,48,80,25,66,7,30,17,21,18,9,43,65,18,53,23,56,7,3
39,69,127,76,2,8,75,55,41,1,5,1,18,1,12,24,28,42,57,1,60,19,42,70,2
87,95,111,78,3,8,75,38,66,1,3,2,7,8,14,13,55,45,48,0,66,26,45,111,2
1,3,5,7,11,0,4,37,87,10,6,17,7,6,4,43,0,44,95,104,54,0,13,12,1
1,0,44,9,7,1,7,26,94,18,6,70,73,4,41,59,1,37,28,105,94,43,53,13,1
87,30,110,82,1,9,80,29,51,0,1,1,7,8,15,11,23,87,67,3,96,23,50,7,2
0,4,38,8,8,1,5,41,49,15,7,125,40,3,52,37,2,57,86,72,59,42,5,19,1
0,0,42,9,2,1,3,3,18,11,7,28,23,2,21,22,0,102,46,24,100,32,51,14,1
43,74,61,14,18,6,0,94,15,0,2,14,25,1,20,26,37,62,74,8,114,22,57,37,0
57,83,96,48,17,9,43,76,19,2,7,44,64,4,31,19,4,25,85,28,67,13,16,4,0
55,2,27,37,0,3,36,0,111,65,87,0,7,104,40,60,40,12,67,1,5,15,71,8,4
52,61,104,80,5,8,75,27,60,2,3,1,17,7,9,20,113,66,48,5,91,12,71,66,2
41,73,123,28,4,4,26,33,64,3,3,2,14,5,9,22,106,54,44,5,55,14,71,73,2
17,5,56,43,10,6,35,32,41,55,53,2,48,57,68,13,12,42,74,18,42,17,26,10,3
1,3,20,24,0,2,18,53,82,16,5,80,74,3,63,22,1,34,33,106,59,12,23,17,1
118,1,23,17,0,1,16,23,110,32,25,0,9,25,29,56,30,37,52,1,6,19,98,5,4
25,79,101,21,23,6,12,81,10,4,2,19,17,18,28,42,24,51,63,62,118,27,53,21,0
65,47,96,41,23,4,21,78,10,3,0,49,27,5,28,27,6,93,38,55,72,10,25,13,0
7,12,27,39,1,5,35,54,45,32,41,1,48,39,60,32,19,26,79,21,46,25,33,8,3
48,88,122,53,4,5,49,22,27,2,0,1,21,12,18,14,109,87,82,0,92,25,67,19,2
78,3,24,63,0,6,62,9,91,60,81,0,8,60,93,37,50,35,52,1,3,13,113,0,4
111,1,14,7,0,0,7,1,85,56,42,0,7,59,48,48,91,50,54,0,15,18,64,5,4
110,24,109,67,2,7,66,32,39,4,2,4,19,9,24,12,25,62,84,4,74,30,65,53,2
66,5,35,26,0,2,26,14,101,95,105,0,1,18,45,56,57,19,61,0,1,16,68,4,4
94,36,115,92,2,9,88,16,35,4,5,3,11,10,17,15,53,65,67,0,42,20,57,13,2
43,7,25,41,7,6,35,36,45,61,68,6,33,52,69,59,19,50,55,3,54,17,40,15,3
19,3,33,11,0,1,11,8,112,75,100,0,3,40,57,70,16,47,57,0,7,16,96,2,4
46,11,16,59,7,6,55,63,76,60,60,5,23,13,61,50,59,37,82,20,58,9,51,8,3
25,50,98,7,33,1,0,89,32,1,5,41,26,5,27,38,29,90,80,33,73,16,38,10,0
36,7,39,6,2,1,2,74,51,53,90,6,45,61,48,31,26,44,78,8,56,17,64,17,3
1,2,36,24,4,3,20,41,23,14,0,32,39,6,19,31,2,27,70,12,118,56,16,17,1
0,1,0,20,12,2,18,100,27,1,9,89,68,5,3,40,1,80,65,42,74,43,42,6,1
11,59,71,25,11,5,22,115,35,6,7,11,40,3,14,31,3,51,59,31,68,14,25,40,0
41,9,33,36,11,4,25,35,65,33,62,5,10,29,25,40,63,63,79,23,38,23,75,10,3
61,63,91,77,1,8,73,25,27,5,6,3,12,5,10,25,55,44,54,4,40,26,46,48,2
60,10,102,45,31,7,28,111,37,3,0,32,55,16,28,30,20,53,75,26,101,11,36,61,0
62,117,99,85,3,9,83,17,54,5,0,2,12,8,9,17,66,88,73,5,100,27,45,59,2
2,2,2,20,10,2,14,18,99,13,12,102,83,1,47,24,1,101,74,73,111,14,20,12,1
39,112,116,61,1,6,60,18,38,4,4,0,9,1,15,21,90,50,66,2,72,37,86,48,2
1,4,9,4,0,1,0,92,27,5,6,90,28,3,35,51,1,46,84,113,83,59,64,8,1
45,4,38,41,12,6,34,57,67,30,57,7,47,26,45,22,42,32,47,21,51,38,64,7,3
2,4,40,4,1,1,0,46,98,15,0,124,69,6,20,46,1,110,69,32,42,41,24,1,1
58,68,68,25,6,6,0,113,27,4,3,26,14,15,26,19,35,70,69,1,78,32,28,61,0
45,3,14,39,0,4,39,7,116,63,107,0,11,13,47,35,98,47,55,0,1,1,69,7,4
43,38,67,29,2,3,25,32,36,0,0,3,10,9,13,18,56,60,52,5,69,31,65,44,2
38,87,124,59,3,7,57,37,27,1,1,0,2,11,11,9,70,67,58,4,59,10,55,123,2
2,2,28,22,9,3,20,3,49,12,3,65,101,2,19,7,2,92,95,60,40,30,38,4,1
29,7,35,39,6,4,27,70,46,48,86,4,37,58,23,27,20,60,74,7,51,35,59,23,3
19,85,110,14,4,5,6,73,15,0,10,1,15,15,18,34,15,20,46,6,99,36,63,40,0
30,0,20,45,0,4,44,10,114,26,43,0,8,110,85,66,61,12,52,0,20,5,116,8,4
2,0,28,25,1,3,25,61,101,19,11,68,35,3,23,56,2,96,97,87,72,3,27,7,1
108,33,119,16,1,2,14,44,72,1,2,4,8,11,7,23,118,28,57,3,72,11,39,115,2
3,3,38,6,7,1,0,37,85,3,11,111,41,5,25,62,0,22,88,35,57,56,70,13,1
51,44,120,25,33,8,15,103,27,3,8,22,25,10,19,37,9,13,39,19,102,23,40,52,0
69,46,54,44,32,6,34,67,23,5,10,45,80,12,26,32,5,30,45,50,65,24,31,51,0
3,3,22,4,1,1,2,14,32,19,9,15,77,4,43,63,0,110,58,108,121,6,74,4,1
35,45,68,32,2,4,30,59,76,4,5,3,4,3,22,20,15,83,87,3,89,6,81,8,2
122,38,65,15,2,2,14,24,35,4,2,5,14,7,17,23,100,34,60,4,75,36,40,116,2
122,95,97,53,1,6,47,17,59,2,3,0,17,10,8,7,55,35,79,5,93,6,39,104,2
2,1,26,15,7,2,15,15,71,0,10,90,89,2,58,3,1,31,77,80,100,38,60,4,1
65,2,21,46,0,4,46,19,77,72,58,0,10,45,36,60,91,26,71,0,24,7,117,6,4
31,3,10,28,0,3,27,9,118,63,114,0,4,123,95,50,108,38,59,0,16,37,80,4,4
32,3,4,23,0,2,23,14,86,68,51,0,6,112,65,43,82,35,52,0,2,28,81,6,4
114,70,87,96,6,9,91,24,26,4,2,3,5,11,16,21,54,40,86,3,62,9,46,82,2
8,38,48,9,31,7,0,92,28,2,10,31,18,1,25,26,11,60,47,29,106,30,40,9,0
124,1,12,40,0,4,40,5,101,41,29,0,2,46,102,39,64,33,51,0,11,17,125,4,4
32,3,40,42,10,6,35,53,79,60,93,10,23,25,31,26,23,32,48,5,40,18,70,10,3
6,2,30,30,3,3,22,77,64,59,107,7,28,37,44,21,62,29,82,11,55,8,60,2,3
62,4,30,13,0,1,13,15,105,52,57,0,0,52,80,59,123,23,73,0,13,30,111,5,4
0,2,32,1,6,1,0,52,57,11,4,57,74,4,31,17,1,107,70,10,58,12,66,8,1
58,84,100,62,23,8,46,76,27,1,1,54,39,14,21,39,32,100,80,39,101,7,60,52,0
52,6,27,20,0,2,19,11,76,52,89,0,10,127,28,43,75,20,71,0,22,16,123,6,4
35,9,55,39,3,5,26,35,79,17,97,5,57,7,29,63,22,55,47,5,53,33,74,6,3
46,12,51,23,4,3,14,29,67,24,107,2,61,44,13,40,45,19,80,21,59,10,31,12,3
66,4,15,50,0,5,49,23,115,97,86,0,9,18,64,30,87,45,67,1,9,14,64,1,4
1,2,29,10,7,1,7,95,96,25,10,117,78,2,12,9,1,71,91,67,49,50,23,14,1
8,54,61,7,10,5,0,77,11,3,4,20,70,19,18,39,13,88,87,4,108,8,36,14,0
41,41,98,12,37,5,0,103,6,1,7,21,57,5,20,25,18,67,57,32,76,28,31,54,0
17,11,34,51,1,7,42,69,54,26,47,8,41,55,72,15,25,40,65,23,20,28,57,11,3
1,1,26,13,9,1,13,81,65,6,9,97,105,1,3,23,1,49,29,85,49,19,56,9,1
80,69,66,99,5,10,93,12,34,0,6,2,15,10,13,17,17,82,55,0,75,38,69,106,2
60,4,1,37,0,3,36,12,101,71,25,0,2,79,51,30,29,45,60,0,8,18,96,4,4
50,36,107,48,26,6,42,65,14,3,10,5,42,12,11,37,19,34,71,0,107,31,18,28,0
0,3,2,5,7,0,0,87,94,24,11,65,76,5,4,26,2,64,27,79,100,8,3,12,1
114,4,17,12,0,1,12,23,116,82,96,0,1,32,87,74,67,13,57,0,2,37,116,8,4
85,55,121,22,1,2,16,50,40,3,3,0,6,8,12,12,42,33,53,0,77,27,64,54,2
117,2,23,34,0,3,33,13,113,47,29,0,6,36,100,41,48,31,52,1,3,5,78,6,4
1,1,5,6,4,0,4,81,97,19,7,101,66,4,5,3,0,44,90,14,49,58,33,6,1
29,59,94,27,10,8,22,86,21,1,7,36,84,6,31,36,11,63,73,47,66,25,38,57,0
88,1,32,45,0,4,44,13,90,58,74,0,2,106,85,25,103,25,55,1,5,28,91,6,4
32,5,57,39,5,6,36,80,50,36,126,1,28,46,75,26,26,60,55,25,61,27,55,8,3
69,5,14,48,0,4,48,11,83,62,38,0,4,82,43,39,94,38,72,0,16,17,66,7,4
64,85,51,22,29,3,12,73,33,4,10,10,44,8,23,25,17,38,76,29,94,16,54,30,0
82,62,83,8,2,1,4,50,36,3,6,5,9,3,20,6,63,59,38,2,44,18,51,118,2
75,2,2,46,0,4,46,2,101,67,108,0,8,67,58,42,28,20,63,0,15,2,72,8,4
43,11,37,29,4,4,24,55,75,59,88,2,26,31,50,58,51,26,74,23,45,36,44,8,3
25,91,107,35,17,5,27,119,19,3,12,42,52,8,11,28,29,68,77,13,95,36,35,44,0
21,7,25,23,10,2,14,27,67,22,86,5,28,29,40,25,5,18,45,5,47,34,35,13,3
38,5,23,53,11,7,51,36,38,17,50,4,25,51,49,57,7,20,60,20,59,8,31,7,3
35,2,13,15,10,2,12,45,54,46,123,1,10,21,74,48,11,59,74,13,44,9,76,28,3
3,1,46,2,3,1,0,89,59,16,3,124,57,1,22,28,1,42,30,112,59,60,49,8,1
14,2,11,16,0,1,15,24,107,44,77,0,11,62,36,28,19,18,73,0,20,27,98,1,4
35,7,18,62,0,6,57,52,86,38,47,6,46,31,46,42,39,53,80,14,42,7,50,8,3
30,72,68,48,3,5,48,52,62,3,0,5,20,5,19,14,96,42,45,5,44,18,58,10,2
88,6,35,8,0,0,7,3,99,28,61,0,9,120,84,73,36,36,69,0,6,12,78,5,4
42,11,43,54,8,7,44,68,77,56,46,5,16,50,49,45,38,20,66,7,52,34,54,25,3
3,2,43,25,11,3,23,80,22,24,0,52,65,5,17,10,0,59,35,111,105,56,74,8,1
1,2,13,19,1,2,16,64,24,2,0,22,72,6,24,43,0,76,32,15,105,49,60,4,1
97,56,111,21,4,2,19,62,27,2,1,4,11,9,16,14,46,53,53,5,81,23,69,50,2
99,95,91,43,4,5,40,43,66,4,6,0,4,1,6,7,14,43,38,2,85,37,43,50,2
46,3,5,52,0,5,51,0,97,36,26,0,1,78,50,52,51,17,72,0,11,4,92,4,4
106,5,33,48,0,5,47,7,85,36,65,0,10,47,88,26,84,25,51,0,19,24,77,7,4
77,52,108,43,0,5,41,49,42,4,5,1,16,4,13,23,87,49,62,4,75,36,78,69,2
88,52,127,50,5,5,46,31,32,4,1,5,21,11,13,6,105,34,61,4,73,13,58,108,2
18,21,85,24,16,6,21,97,14,2,9,10,23,7,7,43,24,72,63,36,84,31,29,15,0
2,1,32,20,8,2,18,101,23,25,9,68,88,3,45,24,2,46,89,32,104,51,53,1,1
62,92,111,52,22,9,27,96,31,4,12,29,46,11,7,22,3,69,89,43,77,16,61,33,0
50,6,53,55,1,7,48,52,46,15,123,2,45,56,63,58,12,31,64,2,36,21,26,19,3
30,10,111,23,38,4,0,118,8,4,4,51,62,18,10,34,30,15,41,49,85,18,41,39,0
96,0,32,62,0,6,61,9,121,47,84,0,2,87,66,30,64,38,75,1,4,9,92,7,4
1,3,18,14,1,2,14,82,87,8,5,92,43,5,34,20,0,93,96,25,123,21,48,12,1
81,23,115,8,0,1,7,52,29,1,6,2,8,5,19,12,57,38,60,3,69,26,40,65,2
1,1,32,1,8,0,0,34,84,19,0,98,98,2,50,31,0,104,81,78,67,12,51,7,1
38,54,96,14,9,6,0,68,20,4,0,36,17,11,19,33,6,42,65,8,75,25,17,33,0
1,4,12,21,10,2,19,92,49,0,1,57,87,5,38,21,2,114,44,124,55,41,63,16,1
64,63,94,62,6,6,60,30,54,5,3,4,10,4,12,9,29,77,76,6,51,23,67,80,2
69,1,8,36,0,3,35,4,124,83,92,0,5,122,55,76,71,45,69,0,9,26,89,1,4
47,0,27,63,0,6,63,1,77,80,34,0,10,81,38,65,116,42,75,1,7,1,80,6,4
47,11,36,43,6,6,36,75,87,45,63,9,50,50,20,35,11,27,51,15,49,20,33,3,3
8,6,19,39,10,4,37,56,64,31,88,3,55,54,70,36,49,58,59,17,60,9,51,13,3
114,27,88,87,0,9,87,17,53,6,1,3,2,10,22,12,94,83,68,6,71,36,59,108,2
44,17,84,69,1,7,65,37,31,0,1,2,11,9,13,23,38,71,86,5,57,27,65,37,2
11,11,56,40,2,6,38,78,54,38,105,8,34,48,62,47,15,47,45,19,19,14,55,1,3
43,63,93,48,22,9,46,117,9,5,3,5,68,9,16,36,18,60,45,25,109,23,61,11,0
22,4,36,24,1,3,14,57,83,31,105,10,11,44,40,28,25,46,57,3,22,34,31,29,3
5,11,38,12,8,1,2,65,62,35,75,4,36,10,74,34,55,45,65,7,46,12,60,31,3
25,40,113,82,6,9,81,35,31,4,4,2,4,8,11,7,103,48,58,1,98,29,85,81,2
28,71,122,91,6,10,90,62,64,0,2,5,20,4,21,21,65,36,38,1,94,16,42,33,2
87,2,2,24,0,2,24,22,95,48,35,0,10,66,40,72,74,34,63,1,21,24,112,2,4
11,92,108,37,36,10,19,79,7,4,6,41,79,4,21,35,19,20,56,21,102,33,29,44,0
5,68,107,63,16,7,60,86,29,0,4,56,22,15,25,22,38,25,65,1,101,20,49,40,0
96,62,89,19,2,3,13,31,35,2,0,1,13,3,20,23,104,61,89,0,84,32,42,20,2
3,1,25,18,10,2,16,2,86,19,8,19,26,1,9,40,0,111,99,19,104,21,54,4,1
1,3,18,2,9,1,1,36,32,0,8,39,74,5,51,41,1,104,55,43,43,0,59,16,1
3,2,32,8,3,1,5,25,100,8,5,82,1,4,41,0,1,105,77,56,118,45,58,11,1
49,24,91,25,27,3,6,110,8,0,11,12,36,9,13,41,20,70,68,39,97,17,56,39,0
90,101,121,90,0,9,88,41,73,4,0,0,10,9,25,8,112,84,84,2,64,24,74,19,2
124,34,107,84,6,8,80,56,54,4,5,3,16,4,8,13,107,60,57,5,84,23,54,83,2
57,86,75,19,24,2,14,110,17,4,7,54,17,4,12,27,12,36,71,17,89,34,31,38,0
25,2,14,31,0,3,30,18,79,93,45,0,6,86,81,27,42,15,58,0,2,15,121,3,4
111,24,95,70,2,7,66,40,45,3,1,1,10,3,24,14,62,30,39,0,74,25,54,127,2
3,4,18,5,7,0,4,64,57,20,1,113,58,6,50,5,0,44,97,26,63,23,6,4,1
45,11,41,48,4,6,47,74,41,15,100,7,55,20,48,20,26,52,77,16,15,21,57,4,3
12,24,62,45,27,9,37,80,14,0,7,53,23,7,17,26,25,66,48,2,73,15,16,53,0
38,7,14,46,3,5,42,69,75,61,97,6,24,38,74,31,17,12,63,9,56,11,42,7,3
60,53,93,18,3,3,11,82,23,0,2,44,64,2,16,33,16,31,59,57,97,28,56,48,0
27,42,83,42,4,7,37,115,18,2,3,30,29,6,7,38,26,20,56,34,119,25,41,53,0
67,34,95,26,35,5,18,78,24,1,7,57,41,5,31,32,4,17,44,40,109,19,16,25,0
14,5,55,18,4,3,10,39,44,23,45,8,46,18,54,59,62,34,46,12,40,12,72,3,3
15,21,53,41,8,5,31,105,10,1,10,46,47,9,11,23,32,14,40,36,73,26,14,37,0
16,39,68,26,13,6,6,101,8,0,8,18,65,13,29,41,13,65,45,22,119,28,32,38,0
27,5,45,28,8,3,26,30,73,15,112,5,51,52,26,28,28,49,49,13,26,18,28,15,3
49,0,7,48,0,5,48,13,127,69,70,0,2,41,27,42,108,42,52,0,11,6,103,3,4
35,8,56,15,3,1,3,86,77,23,51,3,50,46,38,35,31,49,50,10,55,29,59,30,3
38,7,22,24,9,2,12,78,53,63,73,3,50,49,68,14,28,24,70,8,47,15,74,28,3
23,1,19,54,0,5,54,17,116,72,112,0,6,69,48,47,82,21,71,0,23,19,103,1,4
52,80,98,82,0,8,78,41,69,4,0,1,15,3,24,22,71,88,38,3,55,31,78,27,2
3,3,6,7,9,1,2,68,78,20,10,110,66,2,47,42,0,33,72,18,75,63,23,4,1
37,3,11,15,0,1,15,21,119,64,54,0,2,18,68,42,101,27,64,1,23,7,97,3,4
122,22,77,58,2,6,54,31,59,5,5,3,4,7,12,11,33,55,60,3,100,21,81,31,2
2,3,33,14,6,2,11,40,57,24,7,54,104,2,1,2,2,48,82,9,118,21,7,7,1
3,3,27,20,0,2,14,0,44,7,5,36,80,4,62,44,0,54,82,18,110,9,45,8,1
46,2,58,52,12,7,42,74,81,54,107,8,10,22,26,38,35,16,63,14,35,30,74,7,3
30,5,24,56,0,5,56,12,82,40,55,0,5,61,91,71,13,43,65,0,18,14,86,9,4
35,15,87,45,37,9,28,118,30,0,5,21,19,2,26,33,22,33,51,25,100,20,13,43,0
92,4,23,2,0,0,2,19,117,50,78,0,4,36,36,70,58,37,69,1,18,7,79,9,4
3,2,26,7,9,1,4,40,30,4,8,115,29,3,37,49,0,94,98,65,117,27,57,17,1
40,3,35,46,9,6,38,82,43,17,47,8,60,9,75,13,23,27,80,17,15,28,34,1,3
33,86,72,48,5,11,29,92,37,0,5,53,37,15,30,29,29,15,52,63,92,17,60,28,0
0,1,0,5,2,1,4,75,98,8,9,38,19,6,23,4,0,24,47,30,90,48,3,0,1
25,62,57,53,1,9,31,82,21,6,6,17,45,18,24,23,23,69,70,36,94,26,28,23,0
96,3,34,6,0,0,6,1,88,62,62,0,12,14,86,29,65,14,68,0,9,11,85,4,4
3,2,4,18,11,2,17,48,56,22,1,119,48,3,8,46,1,112,41,21,100,3,10,17,1
11,4,31,14,10,2,5,70,52,20,99,9,43,61,46,38,63,61,68,18,60,11,37,10,3
21,7,47,16,4,2,3,59,79,21,87,8,49,15,16,23,12,55,45,7,17,18,26,3,3
49,0,14,63,0,6,62,23,104,31,28,0,11,64,59,28,114,21,76,1,16,13,96,3,4
106,23,112,31,3,3,30,46,35,0,3,2,9,8,7,19,85,81,38,2,59,27,43,117,2
23,5,19,26,0,2,25,13,97,62,63,0,12,90,35,49,127,47,64,0,12,0,111,4,4
17,3,16,39,0,4,38,25,86,52,65,0,5,98,84,68,88,46,53,0,16,26,113,4,4
3,5,13,15,4,2,9,36,24,14,6,86,52,2,39,45,2,12,27,82,48,54,61,21,1
3,2,47,10,1,1,8,39,64,7,8,111,105,5,18,53,1,104,96,11,96,4,7,16,1
15,43,98,55,3,6,35,97,18,6,4,9,32,2,20,34,23,82,73,54,101,16,39,33,0
39,10,18,21,6,4,12,60,87,50,116,4,39,9,17,26,34,63,75,21,44,35,57,29,3
21,5,25,50,3,6,44,53,88,47,92,2,20,28,13,45,26,36,49,4,19,34,31,10,3
69,17,111,79,3,8,75,19,75,3,4,0,9,11,13,7,90,70,55,5,93,31,59,47,2
28,2,6,25,0,2,24,14,95,61,96,0,12,93,50,70,92,43,70,0,24,36,87,4,4
60,108,89,47,4,5,46,18,45,4,4,4,20,6,17,17,72,36,57,4,97,10,39,103,2
1,2,46,14,7,1,11,95,91,3,4,74,15,1,2,8,2,98,83,119,63,56,47,16,1
2,4,23,18,6,2,16,6,92,10,6,70,100,3,44,1,0,32,52,34,58,58,26,12,1
36,3,8,34,0,3,33,14,111,89,72,0,1,66,84,62,66,49,53,0,18,4,103,10,4
42,3,36,11,0,1,11,5,119,36,75,0,8,32,65,63,43,37,76,0,9,19,85,9,4
16,72,76,25,10,5,18,108,35,5,8,18,66,15,16,41,8,38,71,39,79,26,22,3,0
14,2,5,7,0,0,6,8,104,78,109,0,10,125,52,26,89,47,54,0,12,6,67,4,4
110,5,13,45,0,4,45,23,79,28,30,0,7,20,59,31,13,48,73,0,2,20,126,2,4
1,2,27,16,0,1,14,80,40,12,4,15,73,3,46,39,0,30,50,47,98,58,61,13,1
32,8,21,18,5,2,15,82,82,49,124,9,42,34,61,29,27,36,64,10,41,34,71,1,3
104,111,121,63,0,7,58,13,75,5,4,0,11,4,20,25,54,73,48,6,79,37,83,88,2
105,103,104,40,3,5,34,55,68,5,3,1,6,8,14,8,50,29,66,3,85,34,88,11,2
69,3,7,60,0,6,59,0,97,96,91,0,10,13,68,28,56,14,66,0,13,11,104,1,4
69,123,114,32,5,3,29,38,74,5,4,1,13,1,25,10,88,44,44,1,101,24,55,72,2
53,120,92,88,2,9,86,30,63,2,2,2,10,10,14,24,53,77,88,4,39,28,49,93,2
27,8,116,32,37,4,23,66,22,5,8,30,51,16,17,41,28,81,57,26,96,12,41,6,0
34,3,48,37,6,5,28,55,76,63,115,6,19,14,17,38,21,20,55,6,58,27,36,13,3
68,13,53,2,19,0,0,87,25,5,7,34,85,9,26,28,9,81,75,19,90,22,33,32,0
46,9,15,15,4,2,10,78,88,29,80,5,62,26,24,35,57,40,56,15,49,11,55,2,3
53,127,73,62,0,6,59,30,67,4,2,5,4,4,12,12,77,69,54,3,82,12,45,73,2
59,5,0,54,0,5,54,4,121,49,84,0,10,34,91,31,59,24,70,0,1,36,95,1,4
1,1,29,8,0,0,5,32,49,8,4,108,12,2,48,37,1,89,55,20,43,29,31,10,1
104,101,107,57,0,6,54,42,71,3,4,3,12,1,12,10,123,28,80,5,85,23,47,50,2
56,66,72,8,5,1,4,35,46,5,1,2,8,9,12,25,113,74,84,3,65,31,87,54,2
3,4,7,6,9,1,0,9,29,4,11,36,52,5,41,1,0,30,55,80,44,4,18,19,1
59,2,25,37,0,3,36,3,96,82,52,0,6,76,60,36,57,28,59,1,10,1,89,4,4
1,1,8,24,5,2,21,50,46,24,4,62,72,6,56,59,0,86,88,8,125,38,64,14,1
102,40,126,9,2,1,4,23,46,0,0,4,17,12,14,16,66,70,58,5,80,7,68,90,2
2,4,6,10,8,1,9,16,59,24,10,101,90,4,50,20,1,88,45,89,112,51,15,8,1
69,4,8,21,0,2,20,6,121,92,32,0,3,112,76,71,34,43,58,0,14,32,123,7,4
61,38,76,38,20,8,35,69,15,5,11,22,82,6,21,24,35,64,51,26,70,8,27,59,0
1,4,35,2,8,1,0,14,79,23,5,49,105,5,0,4,1,66,75,95,53,23,54,4,1
35,3,24,7,8,2,0,85,41,49,106,9,43,20,12,25,63,16,74,1,44,22,66,10,3
1,3,19,20,4,3,16,25,50,12,6,75,87,3,37,26,1,83,83,91,59,0,76,0,1
102,1,10,48,0,5,47,23,111,100,63,0,5,19,39,49,116,28,54,1,5,3,108,3,4
106,100,75,16,6,2,12,31,70,4,5,5,10,8,23,11,96,43,51,3,65,33,88,15,2
1,3,17,19,6,2,15,21,47,22,1,98,12,4,58,41,0,84,96,15,87,21,55,20,1
1,2,43,8,12,1,7,87,71,20,0,31,24,1,16,45,1,114,96,11,70,45,37,10,1
39,42,98,32,34,3,29,99,8,1,8,35,36,19,19,30,23,21,74,54,101,31,49,15,0
20,10,36,52,5,6,47,36,63,30,68,7,45,36,34,42,61,53,56,18,44,12,32,30,3
15,6,48,32,10,3,22,64,70,18,123,2,54,56,74,22,11,19,54,4,14,14,59,6,3
45,7,55,40,12,5,35,54,80,43,97,2,33,14,66,35,22,43,80,20,55,12,40,24,3
53,91,75,49,22,8,38,101,14,0,9,32,40,11,13,25,17,102,53,58,92,10,56,29,0
33,1,15,37,0,3,37,0,86,57,111,0,7,23,100,39,90,23,72,0,14,33,92,9,4
87,16,78,52,0,6,50,44,75,5,5,4,21,8,15,15,113,73,79,0,40,35,46,95,2
112,4,1,16,0,1,15,25,80,72,46,0,6,46,41,40,88,36,64,1,1,25,85,3,4
0,4,22,5,10,1,3,82,51,13,2,60,66,3,48,11,0,84,91,76,57,61,57,10,1
13,2,59,38,0,6,26,49,45,16,79,3,25,61,42,36,46,47,50,7,43,31,30,21,3
41,3,36,15,10,2,13,57,46,17,96,10,62,17,74,47,41,22,48,22,46,33,47,22,3
0,1,38,17,5,2,11,15,64,23,0,30,69,3,58,2,1,26,38,12,65,50,35,3,1
65,107,62,98,2,10,94,55,49,0,4,0,18,10,6,12,79,50,61,3,99,19,77,42,2
18,3,12,50,0,5,50,17,95,57,57,0,1,115,91,38,101,35,63,0,4,32,76,5,4
26,8,53,13,3,1,9,53,53,60,51,6,39,53,21,50,25,19,49,18,36,33,69,17,3
0,4,11,18,11,2,12,62,48,1,11,17,46,3,55,20,0,24,33,26,51,16,6,6,1
91,124,110,42,1,5,40,14,31,0,2,4,21,11,8,18,122,76,83,5,49,10,75,60,2
58,2,19,29,0,3,28,6,98,61,86,0,2,76,87,74,20,38,73,0,10,19,102,0,4
11,70,83,48,26,9,35,109,9,1,8,19,54,9,19,30,28,42,74,17,78,10,22,9,0
48,7,40,58,10,6,45,45,41,17,84,1,50,13,16,41,40,40,68,21,24,27,33,8,3
6,20,57,43,21,5,25,108,11,3,9,7,72,18,9,19,12,73,87,25,105,8,48,40,0
8,8,59,34,6,4,32,65,85,38,102,1,54,23,49,38,48,53,65,17,12,26,60,25,3
124,1,27,61,0,6,60,0,91,85,80,0,0,56,39,57,107,29,51,0,16,6,127,2,4
5,11,26,36,4,4,34,70,59,14,47,10,34,60,53,23,36,54,80,10,26,37,74,2,3
71,2,34,3,0,0,2,10,90,39,89,0,0,31,82,50,120,18,51,1,1,7,77,0,4
13,7,95,44,12,6,39,101,14,5,5,23,32,13,25,29,30,56,57,35,78,16,30,45,0
67,79,49,44,4,7,43,76,23,1,6,16,47,14,10,37,1,65,72,3,73,15,53,39,0
114,0,28,48,0,5,47,15,125,34,47,0,2,68,49,44,31,47,61,0,22,24,100,9,4
65,18,73,23,1,2,18,21,42,3,3,1,14,10,17,15,37,65,66,0,56,30,85,46,2
110,4,9,58,0,6,58,0,127,96,50,0,0,112,36,57,100,16,65,0,2,25,120,0,4
33,6,35,24,5,3,12,37,69,29,57,6,45,30,14,38,32,32,65,17,29,25,56,11,3
124,2,26,37,0,3,37,7,116,81,113,0,2,123,75,49,118,33,53,0,8,28,117,4,4
89,4,8,33,0,3,32,0,105,32,75,0,8,86,102,37,32,16,73,0,2,13,111,5,4
46,1,8,6,0,0,6,9,79,27,99,0,5,117,78,56,63,16,58,0,4,5,83,4,4
109,0,29,33,0,3,32,1,112,59,97,0,0,86,88,46,81,38,76,1,3,5,73,5,4
24,17,97,25,37,7,0,110,15,1,9,22,44,5,18,24,21,96,74,9,99,25,25,43,0
49,7,53,63,4,8,58,33,75,14,43,5,54,51,67,49,6,29,78,7,49,13,29,11,3
2,4,42,18,8,2,14,58,84,18,7,28,59,2,39,36,0,71,40,64,118,7,71,4,1
93,91,90,25,4,2,23,57,69,4,3,5,10,4,14,9,102,78,76,3,51,9,53,39,2
109,52,126,30,2,3,27,63,39,5,1,4,12,4,14,13,106,79,82,2,77,30,81,32,2
3,1,26,19,1,2,17,21,78,14,2,49,99,4,52,2,1,76,63,49,93,21,27,0,1
119,53,73,68,2,7,66,16,35,1,4,2,18,2,11,16,76,34,87,0,82,19,65,81,2
105,49,103,25,0,2,23,40,36,3,3,3,18,2,23,21,35,77,69,2,38,30,69,65,2
50,71,68,58,3,6,53,32,46,0,5,4,10,1,7,22,87,46,43,1,69,17,41,96,2
45,126,101,24,1,3,18,15,35,0,1,1,4,7,25,19,93,30,47,2,101,11,70,77,2
2,3,2,13,10,2,10,20,30,23,10,53,71,4,62,38,0,72,99,81,75,10,34,16,1
0,3,14,21,6,2,16,88,62,15,11,34,100,3,22,47,2,67,71,109,81,8,0,10,1
33,48,80,8,6,1,3,57,73,3,5,1,3,4,12,23,33,39,79,1,56,33,66,71,2
125,60,103,65,0,7,59,43,63,6,2,1,13,6,8,13,98,82,71,3,93,33,46,50,2
0,4,18,10,2,2,4,9,89,4,9,47,80,4,7,31,1,95,49,89,50,42,63,10,1
35,4,17,57,0,5,56,21,112,59,67,0,10,103,94,73,90,35,63,0,18,16,113,4,4
18,3,9,1,0,0,1,12,80,89,44,0,9,124,56,46,28,35,56,0,18,32,102,4,4
22,12,46,54,0,7,46,77,49,46,91,1,47,33,13,17,62,18,55,10,31,16,44,10,3
51,58,67,52,1,5,29,89,10,5,10,21,15,9,10,33,31,48,39,43,73,13,22,19,0
3,2,22,21,1,2,17,80,97,21,0,26,67,5,58,10,0,58,64,95,47,41,25,3,1
0,1,33,24,6,3,20,20,63,21,0,15,67,4,62,54,1,73,68,41,82,31,45,13,1
3,1,15,0,4,0,0,92,63,9,7,74,10,2,38,56,2,20,94,57,106,20,24,4,1
62,2,8,34,0,3,33,22,118,32,43,0,2,100,32,76,59,13,74,0,2,37,108,9,4
64,69,92,63,25,6,42,81,27,6,1,7,20,11,13,34,27,31,70,17,92,35,56,8,0
123,76,75,53,4,5,47,20,75,0,6,0,8,6,11,10,121,77,59,0,58,11,70,89,2
94,97,63,26,1,3,22,24,60,5,1,1,21,1,15,19,26,25,69,0,44,12,62,107,2
1,3,11,13,10,1,9,101,74,13,3,78,48,6,41,60,0,108,58,127,62,43,35,7,1
29,4,27,5,0,0,4,21,121,81,76,0,1,36,87,50,30,37,65,0,15,20,105,8,4
2,4,0,7,6,1,2,45,31,13,10,88,74,5,50,25,0,43,28,47,103,47,9,20,1
74,4,23,58,0,5,57,5,77,79,41,0,9,126,92,32,35,35,64,1,24,11,116,9,4
9,75,73,52,16,10,30,77,27,3,0,49,40,6,7,33,6,57,49,3,106,18,35,38,0
65,3,0,44,0,4,44,19,101,62,91,0,3,13,74,54,31,35,62,0,5,31,108,6,4
26,2,47,62,7,7,50,53,44,45,96,1,47,17,25,48,39,49,51,9,21,11,46,7,3
10,10,14,17,4,2,8,39,62,20,74,7,17,60,22,14,39,52,53,22,34,10,54,7,3
23,15,104,56,15,9,52,117,34,6,10,56,14,14,14,43,31,90,79,17,109,9,57,54,0
14,2,21,41,10,6,40,86,57,15,96,0,43,8,60,15,28,21,68,5,42,20,46,5,3
27,9,51,19,2,3,17,68,64,42,121,1,35,32,15,39,46,42,55,1,55,13,41,10,3
67,5,4,36,0,3,36,22,123,50,93,0,11,115,60,57,81,19,55,0,7,35,74,7,4
50,9,37,50,6,7,46,41,43,13,118,6,15,45,20,37,6,29,79,13,22,26,65,12,3
1,2,33,18,5,2,16,88,68,23,5,94,70,5,56,29,0,61,52,62,53,49,46,2,1
3,1,22,6,11,1,5,12,63,1,10,60,91,5,8,23,2,110,54,89,83,16,67,14,1
1,0,6,8,8,1,3,72,78,6,1,21,35,2,58,63,2,111,71,97,42,16,47,6,1
2,3,2,7,5,1,2,47,50,15,0,73,15,5,28,46,0,92,97,91,50,26,34,4,1
28,8,43,22,5,3,16,77,85,48,77,3,18,57,38,32,15,52,70,0,44,15,65,30,3
28,10,44,32,11,4,23,50,66,22,77,1,34,7,56,22,51,50,80,16,62,37,73,10,3
116,1,24,26,0,2,25,22,81,86,52,0,6,93,30,55,106,20,63,0,1,38,101,7,4
49,2,45,62,7,8,53,28,85,62,45,9,56,33,57,53,59,43,58,15,44,14,43,19,3
73,124,102,21,0,3,15,14,56,5,3,4,11,7,13,10,108,27,75,2,102,8,42,120,2
71,5,23,33,0,3,32,3,122,36,73,0,0,42,50,32,38,47,67,0,8,36,78,10,4
45,25,103,59,10,12,47,86,29,6,7,33,84,6,14,24,33,14,80,44,79,24,41,58,0
47,12,51,31,4,3,20,82,40,53,71,2,44,17,74,19,56,58,76,20,57,8,25,11,3
69,6,26,37,0,3,36,18,108,55,74,0,3,126,98,73,112,33,63,0,7,1,122,8,4
55,3,21,15,0,1,15,10,79,80,64,0,12,52,88,50,46,25,71,1,15,5,84,7,4
63,30,77,24,15,6,0,77,28,5,8,54,67,2,16,33,3,13,47,32,88,31,41,54,0
39,6,4,42,0,4,42,2,110,72,29,0,9,42,49,37,24,21,55,0,10,37,114,1,4
31,60,70,85,4,9,79,25,65,4,2,1,18,2,24,11,115,33,76,6,48,20,72,98,2
81,19,74,70,1,7,68,33,55,5,1,1,18,2,14,18,70,88,59,1,54,10,47,83,2
3,3,11,22,2,2,18,46,36,23,1,63,16,3,32,3,0,22,75,95,76,18,30,12,1
2,2,43,8,2,1,6,45,23,3,3,16,66,3,13,22,0,27,79,40,60,4,47,7,1
18,8,55,26,3,4,15,69,71,24,102,3,22,11,52,59,28,38,79,16,31,34,41,3,3
38,50,124,39,4,4,39,56,33,0,0,4,11,10,25,21,97,40,84,1,95,30,59,12,2
8,77,69,24,6,5,10,109,11,0,11,39,30,17,10,31,10,35,38,51,115,28,20,29,0
86,2,3,59,0,5,58,20,113,27,112,0,12,108,53,53,25,14,53,0,3,36,98,9,4
2,2,7,25,5,2,21,7,23,2,7,22,68,3,21,17,2,35,26,52,125,24,8,19,1
6,19,96,13,28,2,6,78,33,4,3,48,15,15,9,41,28,90,76,36,77,31,53,19,0
50,8,68,15,28,5,0,69,19,0,2,32,14,4,23,33,9,65,79,1,110,28,30,11,0
77,63,105,37,3,3,34,32,45,3,1,2,12,11,22,24,121,78,74,5,74,22,78,89,2
71,89,75,67,0,7,64,22,42,6,1,3,20,5,16,11,78,32,44,5,94,36,66,66,2
67,28,99,53,29,9,40,97,14,2,5,40,76,2,19,26,36,45,87,21,64,31,50,46,0
69,44,90,90,4,9,90,45,42,3,4,4,10,1,17,6,108,26,49,2,54,13,72,45,2
110,3,18,4,0,0,4,18,107,62,112,0,0,91,34,61,23,45,72,0,25,33,69,2,4
11,53,51,14,33,7,2,66,8,5,11,36,15,17,14,43,23,80,74,25,68,11,25,53,0
52,95,110,102,2,10,100,30,33,5,2,2,18,6,9,16,33,83,39,6,60,16,49,39,2
2,4,5,8,11,1,3,90,49,10,5,120,95,6,17,49,0,31,84,80,62,36,17,5,1
117,64,125,56,1,6,51,32,46,6,1,0,12,5,18,14,65,87,78,1,100,22,73,62,2
68,49,122,60,4,6,55,61,46,3,6,0,19,4,17,24,117,71,59,4,78,29,79,50,2
18,12,84,27,20,3,21,76,17,2,2,48,51,19,27,44,1,72,61,57,99,26,61,43,0
49,2,50,40,9,5,31,89,61,48,74,10,21,28,62,20,51,31,44,13,17,33,34,20,3
41,26,69,26,5,3,11,66,19,0,6,49,22,3,20,31,25,30,69,47,78,8,52,22,0
3,1,23,10,12,1,4,101,61,8,8,126,80,3,33,18,1,32,91,54,50,48,44,17,1
21,47,88,40,18,8,21,70,30,1,4,53,82,6,19,37,2,27,45,46,105,9,44,13,0
85,13,119,19,5,3,14,22,49,3,0,2,14,7,21,9,27,58,82,0,71,37,67,35,2
34,2,58,26,3,4,17,37,60,40,114,10,32,38,44,37,47,13,49,12,34,26,27,4,3
0,2,33,18,11,2,14,88,37,17,10,56,65,4,30,26,0,113,99,105,39,23,3,17,1
85,5,24,16,0,1,16,25,102,36,84,0,1,72,49,53,43,46,74,1,13,4,64,8,4
65,11,54,28,17,6,20,106,30,0,9,45,24,18,19,39,28,27,44,50,79,34,52,4,0
16,95,101,20,13,7,6,104,15,5,4,43,83,11,26,37,26,15,62,61,109,31,42,46,0
119,54,106,71,0,7,66,35,63,3,3,4,8,12,10,17,17,48,62,3,97,33,88,61,2
34,19,75,48,18,10,40,104,32,5,7,61,53,3,12,24,25,95,81,6,105,12,26,43,0
116,92,78,8,3,0,4,23,45,2,0,2,11,3,6,23,88,87,83,4,84,12,52,87,2
100,41,101,79,1,8,75,38,31,0,6,3,20,5,14,19,28,47,43,2,83,34,63,27,2
123,4,0,30,0,3,30,6,93,86,112,0,5,83,32,64,16,30,55,0,14,14,66,5,4
24,7,43,48,11,5,38,44,86,42,61,2,53,50,51,49,14,35,76,22,35,12,34,3,3
26,2,28,45,0,4,45,21,116,40,112,0,11,31,74,55,119,13,74,0,16,35,87,5,4
3,4,19,0,11,1,0,48,49,21,9,114,87,5,44,32,0,74,88,96,79,1,4,13,1
65,53,92,15,0,2,10,27,75,2,4,0,11,4,8,19,93,75,63,5,69,19,50,40,2
38,122,68,89,3,9,87,49,53,4,4,2,8,10,7,11,77,61,83,0,84,10,41,13,2
41,11,51,19,5,3,11,51,54,22,80,1,59,42,15,51,45,54,76,23,16,36,44,20,3
77,46,108,44,5,4,38,28,42,1,0,0,3,8,8,8,64,35,42,4,82,24,75,58,2
65,28,90,34,15,5,25,83,11,3,1,32,78,7,25,40,31,33,45,13,98,30,46,13,0
42,6,60,29,3,3,19,30,75,59,43,5,21,49,43,24,24,42,59,19,15,24,75,20,3
114,83,70,66,5,7,60,53,31,0,4,1,16,2,8,24,13,76,50,0,43,16,65,63,2
41,1,32,37,0,3,36,6,96,84,25,0,3,56,35,64,92,14,60,0,11,19,69,5,4
9,64,99,50,5,6,25,109,30,5,5,12,62,7,9,42,19,52,53,44,74,12,30,46,0
125,5,33,62,0,6,62,13,121,32,84,0,11,64,56,30,73,34,76,0,19,35,105,8,4
57,1,28,60,0,6,59,24,110,29,41,0,2,78,62,47,82,43,67,0,23,15,122,6,4
26,2,40,52,1,5,42,59,82,41,73,6,48,52,16,22,56,53,54,1,56,23,29,17,3
31,9,57,11,7,3,3,79,83,18,111,1,18,8,69,50,17,54,75,1,41,12,27,3,3
44,4,10,46,0,4,46,22,116,96,105,0,9,46,82,67,78,40,65,0,20,30,127,1,4
0,1,28,13,10,2,11,46,26,12,11,39,38,6,55,32,1,32,46,26,65,55,49,3,1
86,100,70,34,1,3,31,27,73,1,4,2,10,4,20,19,29,44,58,4,40,13,53,76,2
71,14,96,27,13,4,12,65,16,6,7,63,44,3,7,40,8,46,77,54,70,8,61,58,0
31,120,79,64,2,6,63,52,39,5,0,3,4,8,7,8,17,69,82,3,41,29,41,92,2
2,3,20,14,4,2,14,17,15,13,7,48,88,4,61,22,0,31,50,102,70,4,50,8,1
55,55,82,82,2,8,80,23,51,5,0,1,8,6,20,15,124,28,72,4,96,21,52,79,2
8,9,44,31,5,5,30,80,45,37,93,8,26,57,16,27,26,15,80,4,24,25,65,25,3
57,83,118,9,14,4,0,90,14,1,1,18,40,12,12,41,7,42,67,20,107,22,39,32,0
8,7,46,44,0,6,36,50,51,14,67,6,10,40,63,24,47,38,50,16,24,33,70,1,3
0,4,8,18,5,2,13,45,68,3,1,37,66,2,29,54,1,13,93,35,91,30,31,1,1
21,6,41,61,1,7,54,29,75,19,81,2,15,54,46,56,24,21,50,8,54,32,47,2,3
34,10,15,18,4,2,7,37,43,40,54,0,18,60,57,20,51,28,77,1,50,7,27,28,3
54,89,105,15,22,2,6,103,10,4,12,60,41,19,31,20,23,95,87,14,96,36,20,47,0
2,2,28,11,7,2,10,97,19,2,10,102,40,3,42,5,2,103,94,83,38,9,11,11,1
68,6,6,25,0,2,25,0,117,70,45,0,3,62,49,68,85,41,58,0,24,20,81,4,4
46,21,93,40,32,5,22,65,36,0,0,20,23,13,16,39,35,91,76,4,71,13,29,42,0
64,6,33,14,0,1,13,21,86,74,33,0,5,100,53,44,42,46,63,0,3,32,105,3,4
3,3,25,19,1,3,14,96,73,3,9,66,76,3,0,59,1,73,32,63,42,33,50,6,1
55,101,89,9,0,1,3,20,58,2,2,2,17,11,12,16,50,45,86,3,63,34,73,90,2
21,3,15,38,0,3,37,21,85,61,60,0,0,28,26,57,65,37,71,1,11,25,120,3,4
3,2,25,15,9,2,14,77,99,22,2,82,19,4,51,7,0,33,37,74,114,2,75,10,1
48,6,58,16,12,2,7,47,69,47,47,9,60,10,58,31,5,45,64,24,61,24,26,10,3
117,70,101,102,5,11,96,40,45,2,0,2,8,5,10,22,34,51,56,5,97,32,84,92,2
52,14,118,5,20,3,0,95,18,3,8,62,31,1,26,28,28,69,77,47,83,7,40,51,0
33,102,80,17,1,2,15,24,73,5,1,3,3,11,24,7,79,80,86,3,63,8,74,18,2
54,3,25,48,0,4,48,23,87,90,65,0,4,33,70,59,86,38,60,1,14,34,112,5,4
15,9,57,38,2,4,27,36,78,52,43,4,38,29,65,51,60,56,51,14,58,34,51,28,3
125,3,10,58,0,6,58,21,125,88,31,0,1,49,42,51,89,46,60,1,10,27,74,9,4
1,3,10,18,4,2,13,11,27,10,3,99,80,4,24,45,1,27,92,7,121,28,52,20,1
18,34,64,57,30,6,32,94,30,6,12,6,60,6,27,42,3,102,49,54,109,17,55,53,0
53,58,107,60,4,7,58,114,24,5,2,4,72,17,14,29,6,97,53,31,69,34,19,29,0
2,3,1,8,1,1,4,31,100,11,7,47,91,2,4,53,1,82,39,127,82,6,33,13,1
3,4,11,18,5,2,15,39,61,16,6,36,41,6,53,9,2,81,35,15,39,46,37,9,1
77,4,24,54,0,5,53,23,87,50,71,0,4,115,71,31,78,30,53,0,7,34,96,4,4
22,40,107,25,4,6,10,95,28,3,12,29,64,9,13,36,31,84,59,32,100,14,46,45,0
85,1,18,53,0,5,52,24,97,74,56,0,2,110,56,36,26,34,61,1,1,36,104,0,4
13,0,26,56,0,5,56,0,104,34,102,0,7,126,30,63,86,18,54,0,9,26,113,5,4
64,108,66,33,3,3,27,32,27,1,1,2,3,4,16,13,15,64,84,5,96,32,68,98,2
49,62,64,16,6,7,0,82,23,1,1,34,70,16,14,37,20,24,89,62,72,36,59,21,0
30,80,114,31,5,3,25,24,74,2,0,0,12,5,20,14,50,30,46,3,97,8,54,114,2
82,4,14,53,0,5,52,6,119,51,100,0,4,35,30,68,87,13,57,0,19,3,78,4,4
40,124,102,70,2,7,65,13,27,1,3,0,8,6,19,6,41,48,52,5,80,31,46,15,2
125,4,16,16,0,1,15,0,92,73,107,0,4,47,72,70,27,42,70,0,17,11,99,8,4
119,71,61,48,0,5,43,53,50,3,4,3,12,12,21,16,104,79,42,5,77,38,76,99,2
117,116,100,65,6,6,60,30,48,2,2,4,7,6,8,9,101,84,86,0,95,25,57,84,2
79,5,0,30,0,3,30,12,89,39,36,0,7,75,75,72,68,41,74,0,11,16,85,9,4
87,5,1,15,0,1,15,19,93,47,101,0,2,48,28,30,98,38,63,0,12,23,125,1,4
125,110,125,31,3,4,25,29,59,3,4,4,13,9,21,21,41,77,60,1,98,16,88,126,2
126,3,1,46,0,4,46,16,103,69,61,0,11,110,56,36,50,46,65,0,9,23,80,7,4
31,1,31,46,0,4,45,5,86,52,73,0,5,63,37,44,54,21,57,0,20,19,82,4,4
118,0,8,36,0,3,36,1,121,72,80,0,4,93,42,56,27,39,76,0,14,3,121,1,4
18,12,53,41,11,5,34,62,55,32,121,4,32,21,33,26,58,60,73,7,25,8,71,19,3
72,2,18,27,0,2,26,3,92,27,28,0,5,51,95,54,74,47,55,0,18,7,80,3,4
2,1,3,10,3,1,4,53,72,6,10,25,96,3,48,10,0,55,62,90,52,44,27,14,1
9,4,35,24,10,4,14,67,54,13,97,2,29,27,16,52,43,24,76,12,31,8,63,25,3
115,32,123,94,2,9,89,23,49,1,3,5,17,12,16,8,82,46,85,1,67,37,38,8,2
2,1,23,17,1,2,11,100,82,11,1,115,9,3,47,61,0,77,86,44,43,21,59,10,1
65,79,108,8,29,2,0,89,30,0,5,49,50,18,18,36,12,41,70,3,117,23,25,41,0
73,24,98,9,25,2,0,79,27,1,4,57,24,8,14,37,9,71,74,0,91,10,24,43,0
50,5,41,57,12,6,47,41,57,41,51,3,12,7,74,41,38,45,60,11,59,32,28,17,3
76,33,93,39,28,10,33,76,27,1,2,5,12,9,21,26,9,76,74,29,103,35,53,40,0
3,2,15,16,10,1,11,66,30,2,0,83,90,1,18,34,0,73,83,43,87,40,2,5,1
3,4,5,2,11,0,1,52,37,22,7,80,103,3,36,26,0,91,77,114,40,43,52,8,1
3,1,35,11,12,2,9,82,99,10,11,30,62,1,13,30,2,113,30,123,106,5,31,19,1
84,5,8,42,0,4,42,12,88,56,94,0,2,56,99,44,51,45,58,0,10,6,114,9,4
43,10,56,29,7,5,20,67,48,43,99,8,29,37,31,33,26,17,53,7,15,21,39,8,3
58,54,67,91,6,10,89,40,45,5,3,2,17,6,24,9,46,59,55,3,49,35,58,85,2
106,99,104,35,1,3,33,35,50,2,2,4,11,6,7,24,116,84,53,0,68,18,71,58,2
110,0,8,60,0,6,59,5,80,40,84,0,5,14,63,50,86,15,76,0,6,3,100,7,4
60,50,102,48,17,10,34,100,26,5,8,10,17,9,14,26,3,58,54,29,67,33,16,54,0
46,91,65,68,6,6,67,51,38,4,4,2,19,3,9,8,120,45,66,3,42,37,83,109,2
16,1,32,23,0,2,23,4,95,28,98,0,10,52,100,31,114,21,59,0,18,34,78,4,4
7,4,55,33,6,4,31,56,84,29,90,5,59,18,22,54,49,17,75,10,53,34,53,6,3
66,85,50,13,32,6,6,90,35,4,3,52,49,12,9,19,15,66,47,55,97,17,21,56,0
2,3,8,1,3,0,0,90,95,6,10,87,26,5,34,0,0,74,53,16,101,35,55,8,1
123,3,11,59,0,6,58,19,82,98,60,0,7,78,98,32,123,45,73,0,3,20,69,1,4
52,8,49,50,9,7,45,67,30,3,9,30,69,10,9,32,36,16,78,55,94,21,62,6,0
37,3,34,1,0,0,1,6,81,89,84,0,8,36,92,35,60,13,75,0,8,3,91,1,4
49,35,94,8,20,1,0,71,34,1,6,6,54,16,23,32,27,35,57,39,68,36,23,32,0
116,42,114,53,3,6,48,30,52,0,2,3,20,2,10,15,25,60,53,5,58,20,88,15,2
87,15,109,83,0,9,77,52,53,4,3,1,5,3,16,22,39,76,85,2,52,29,86,9,2
26,26,81,16,4,2,11,28,31,4,2,0,20,11,12,11,126,50,84,0,68,25,83,90,2
1,4,27,23,4,3,23,8,52,9,7,67,66,3,29,26,2,45,54,28,59,41,27,2,1
40,25,104,35,5,4,31,15,36,3,1,2,12,3,14,19,57,68,52,4,74,11,58,101,2
13,10,19,45,1,6,42,54,47,33,97,0,21,30,49,38,45,53,60,21,55,7,66,31,3
35,31,48,49,24,6,30,95,20,0,0,56,78,11,27,34,6,24,54,57,109,33,58,15,0
50,5,6,47,0,4,47,10,78,49,48,0,7,14,101,46,115,20,70,0,4,5,66,10,4
1,2,43,2,1,0,1,91,67,21,6,75,58,5,7,29,0,96,96,64,66,23,62,18,1
35,126,67,52,6,6,48,19,56,4,1,2,19,2,19,13,83,71,62,4,92,12,49,20,2
78,3,5,8,0,1,7,19,116,43,33,0,11,74,88,41,43,28,58,0,18,22,107,7,4
63,120,95,85,1,8,82,51,31,4,2,4,19,3,6,21,70,32,45,0,99,14,59,106,2
44,6,39,58,7,8,47,44,87,18,65,5,52,63,62,30,18,56,79,18,39,19,36,20,3
44,70,59,19,37,5,5,107,8,3,6,54,24,18,8,23,23,73,50,8,115,14,43,40,0
120,4,6,57,0,5,56,24,110,37,107,0,12,75,42,64,97,46,61,0,18,17,75,9,4
1,2,45,16,11,1,13,92,81,8,2,23,82,3,21,3,2,39,59,66,121,39,13,10,1
97,70,64,92,4,10,90,23,32,6,1,3,6,5,22,9,125,70,71,2,45,22,40,39,2
22,94,60,56,3,10,40,115,20,1,3,4,31,3,6,29,28,99,83,31,85,23,17,31,0
69,26,69,33,4,4,27,31,75,0,2,2,6,5,10,23,48,84,88,5,73,24,55,28,2
1,1,25,14,8,2,12,74,33,6,3,24,59,5,42,47,0,20,100,13,39,13,62,4,1
26,71,49,42,26,4,38,81,19,3,11,45,35,3,29,26,24,32,45,10,107,25,34,35,0
102,3,1,25,0,2,24,7,124,42,55,0,4,62,67,53,107,26,73,0,19,10,76,3,4
30,8,38,52,3,7,47,65,60,60,72,3,58,9,34,26,22,46,49,15,49,28,28,22,3
41,5,0,20,0,2,20,0,115,72,96,0,2,105,27,36,56,42,70,0,2,19,122,5,4
115,5,23,26,0,2,25,5,112,59,35,0,4,125,65,47,22,34,72,0,9,28,97,7,4
2,1,17,6,8,1,6,35,56,13,1,95,72,4,18,39,2,109,87,120,44,57,35,2,1
12,2,25,59,10,6,52,54,86,53,110,8,59,4,41,21,13,53,56,22,15,32,62,29,3
5,80,66,7,26,5,4,117,21,2,11,17,81,13,29,31,8,78,83,13,75,14,44,11,0
120,82,105,61,3,6,58,30,52,4,1,1,7,4,16,12,117,83,67,2,58,32,64,55,2
67,79,85,100,4,10,96,58,60,2,6,0,6,2,24,18,64,60,73,5,60,35,88,22,2
107,5,3,45,0,4,45,13,100,25,85,0,2,90,86,51,112,43,69,0,8,30,98,10,4
17,7,25,18,1,3,11,32,59,61,70,6,19,4,20,44,4,14,52,1,60,28,36,5,3
50,39,75,14,10,7,0,99,11,4,2,24,84,12,20,36,32,82,50,2,82,14,23,59,0
114,3,32,48,0,4,47,19,96,96,39,0,6,30,60,58,120,49,70,0,6,10,124,3,4
90,0,9,58,0,5,58,4,112,85,95,0,4,15,65,68,101,31,65,0,24,12,118,4,4
44,5,14,53,5,6,52,54,73,55,74,5,59,58,60,38,34,59,47,21,45,34,71,19,3
102,109,84,28,1,2,25,57,65,0,4,4,9,8,23,20,27,64,78,5,79,30,46,78,2
113,106,97,61,4,6,58,28,71,4,0,4,10,8,11,7,20,86,68,0,68,21,56,71,2
14,39,112,47,34,7,22,92,22,5,6,51,65,2,21,40,21,41,42,42,81,25,34,44,0
2,4,44,2,5,1,2,29,50,5,5,57,20,3,7,61,2,55,88,91,104,0,28,4,1
28,10,53,12,1,2,0,57,65,26,120,6,57,5,63,46,55,55,66,21,55,20,55,12,3
1,4,17,7,6,1,4,78,29,2,9,76,93,5,43,19,1,83,32,76,112,0,39,8,1
27,6,39,46,1,6,42,81,48,33,127,0,46,62,41,19,48,23,48,6,59,19,76,20,3
16,8,53,53,3,6,50,47,83,17,64,4,46,6,21,38,18,37,62,21,40,19,64,12,3
1,0,33,19,4,2,13,40,13,2,11,51,79,3,4,35,0,110,36,106,113,10,1,2,1
17,40,99,32,32,8,30,113,7,0,11,55,54,11,24,29,5,14,55,51,99,33,59,7,0
42,34,60,58,13,8,38,105,26,4,7,12,30,11,12,44,12,38,49,45,82,17,60,50,0
25,22,57,37,9,4,30,77,20,2,1,61,23,15,10,31,38,88,64,46,109,16,41,36,0
46,23,76,72,5,7,69,30,49,4,4,4,14,10,19,21,23,33,77,0,87,35,80,94,2
45,2,19,40,10,5,31,50,77,27,61,5,49,60,43,44,30,52,47,4,19,9,28,17,3
50,68,78,60,3,6,57,25,75,5,6,0,5,12,24,15,126,62,52,3,51,8,60,125,2
22,9,54,44,11,6,39,72,55,36,41,7,17,57,24,51,55,26,51,13,36,19,32,26,3
9,3,59,26,9,4,21,60,44,38,89,8,20,36,46,38,40,57,50,6,37,38,64,14,3
37,26,72,29,16,3,18,102,18,0,11,4,73,2,8,38,31,62,68,36,82,10,30,42,0
39,49,80,44,12,6,24,70,33,4,8,10,84,5,10,23,22,98,50,26,74,26,34,4,0
38,127,92,16,1,2,15,51,66,1,3,2,4,8,7,24,101,37,49,2,74,36,55,121,2
75,116,80,22,1,2,21,20,68,1,3,0,17,10,23,21,17,37,55,4,92,13,61,91,2
105,3,14,19,0,2,18,23,120,43,74,0,4,107,93,39,70,22,76,0,21,22,91,10,4
2,5,16,18,6,2,12,100,64,3,7,117,47,4,46,57,0,69,49,55,113,28,7,1,1
46,71,57,25,23,8,12,86,37,5,9,17,82,18,17,22,16,75,76,19,104,33,49,59,0
60,85,110,88,3,10,83,55,45,5,5,5,12,7,17,11,76,85,76,4,88,22,55,107,2
41,74,68,63,26,7,38,86,31,2,12,48,27,10,19,20,6,42,62,29,98,22,29,39,0
36,11,21,53,5,7,46,66,83,62,120,8,51,14,41,25,37,62,48,24,22,27,66,7,3
16,5,27,28,0,3,27,16,99,77,75,0,12,79,79,29,103,28,59,0,14,37,120,5,4
94,112,127,89,0,9,87,49,31,4,4,2,2,6,20,12,58,78,77,2,84,22,71,57,2
122,0,36,48,0,4,47,23,83,90,37,0,12,43,70,27,116,20,62,0,6,16,86,7,4
0,4,40,13,3,1,12,4,22,10,1,89,60,2,16,5,1,24,76,28,54,25,6,18,1
1,3,43,13,4,2,11,76,87,7,9,50,57,2,43,51,2,49,100,40,41,62,48,17,1
23,89,80,55,21,5,29,112,37,5,10,11,48,5,16,20,15,101,51,50,90,19,61,62,0
2,4,23,14,5,2,9,62,51,10,0,53,49,2,43,9,1,77,65,41,77,58,36,3,1
42,3,30,27,12,3,22,36,82,42,46,3,19,40,50,58,13,29,67,17,44,6,48,10,3
36,7,42,58,5,7,55,86,69,29,59,2,59,32,63,20,25,20,60,22,30,9,67,5,3
53,30,96,31,17,5,12,70,20,1,8,31,61,2,16,34,1,39,49,9,78,16,13,47,0
16,7,16,25,10,2,22,83,52,28,51,1,13,22,14,22,21,14,66,10,16,30,50,28,3
122,42,104,91,5,9,90,22,38,1,3,4,6,10,13,15,100,53,76,5,56,27,69,116,2
71,19,68,45,6,5,39,40,67,4,5,3,10,8,9,22,88,36,76,3,68,15,72,122,2
12,9,33,50,7,6,38,69,70,54,46,4,51,49,28,27,42,50,63,0,57,24,45,6,3
3,2,11,2,5,1,0,19,72,5,11,105,88,2,10,26,0,46,68,29,56,34,72,2,1
5,2,44,7,10,0,3,74,79,42,45,2,61,9,62,40,26,53,73,15,49,38,41,21,3
12,88,97,42,23,9,28,66,21,3,6,63,77,16,18,44,35,37,49,37,67,31,37,35,0
64,39,116,63,18,8,52,94,37,5,10,9,30,12,28,33,5,88,81,18,107,15,59,11,0
27,9,47,17,7,2,16,52,62,23,91,1,62,12,15,20,12,23,49,17,48,21,49,21,3
2,4,47,5,5,1,4,11,63,11,11,25,11,4,2,44,1,31,30,123,63,14,50,1,1
13,5,15,22,7,3,12,32,75,60,120,6,56,55,18,56,30,55,60,15,62,15,60,3,3
29,68,95,54,32,10,44,82,29,4,11,2,17,12,29,44,28,51,43,40,114,20,48,57,0
10,11,49,29,2,4,19,79,52,58,114,8,17,49,12,46,34,43,79,10,63,10,75,12,3
96,18,65,95,2,9,90,27,72,1,1,2,6,2,7,18,103,86,86,1,73,36,84,33,2
82,126,91,61,0,6,58,35,74,1,3,3,3,5,23,9,91,29,75,3,99,29,74,65,2
86,53,95,52,5,6,49,30,35,5,1,5,4,9,11,6,37,58,39,2,89,21,70,39,2
2,1,5,7,12,0,2,59,63,22,8,68,74,1,32,36,2,29,30,45,117,8,12,5,1
25,9,21,36,7,3,31,55,73,58,112,8,21,17,40,38,62,36,48,1,62,7,35,19,3
2,1,30,25,2,3,21,44,21,20,6,86,83,5,40,16,1,109,41,17,77,40,45,0,1
51,44,75,23,10,5,5,111,19,0,6,42,73,7,22,34,12,22,41,63,100,33,26,45,0
35,25,87,47,8,6,21,101,20,3,1,14,37,11,12,24,3,69,50,58,113,8,24,43,0
43,78,80,24,10,4,23,110,33,2,6,0,79,18,18,19,17,39,50,1,85,19,41,26,0
35,58,86,59,8,10,53,86,27,1,4,48,18,9,31,44,3,31,51,59,114,34,31,12,0
27,2,24,63,0,6,63,3,126,74,112,0,7,87,55,67,26,47,61,0,4,28,127,4,4
105,0,17,14,0,1,13,17,112,92,70,0,5,98,49,76,49,13,68,0,4,31,108,0,4
1,3,21,17,7,2,11,89,29,4,9,83,92,1,34,0,0,30,62,90,116,61,46,10,1
1,2,31,6,8,1,0,6,40,8,0,51,49,5,36,57,0,84,70,126,72,24,43,17,1
36,91,64,29,13,3,27,92,13,6,4,2,80,16,23,39,6,38,80,44,71,28,35,2,0
2,2,33,12,6,2,7,38,89,12,1,36,3,5,0,17,1,88,101,98,44,59,75,18,1
0,2,46,2,2,1,0,55,27,9,4,122,103,4,0,52,0,104,64,111,101,41,35,8,1
81,4,15,38,0,3,37,22,107,87,44,0,9,63,42,32,38,35,74,0,3,27,101,9,4
97,2,30,27,0,2,26,12,92,87,80,0,0,43,64,47,43,41,69,0,9,16,93,7,4
41,7,26,23,2,3,20,68,66,27,85,8,16,53,31,44,6,32,46,11,14,25,25,9,3
3,1,17,2,6,0,0,15,23,12,1,89,24,3,19,27,0,95,33,59,113,10,27,9,1
19,3,16,50,4,5,38,68,78,45,54,1,11,11,17,55,50,37,59,25,41,20,72,15,3
42,8,25,28,2,4,19,73,77,22,50,10,43,17,21,19,27,63,53,22,24,13,38,15,3
73,36,55,7,32,4,0,106,23,6,4,35,72,12,28,33,27,16,50,18,68,13,17,19,0
35,105,76,53,3,6,53,52,61,3,5,2,12,11,13,17,80,76,87,3,45,30,56,87,2
29,9,43,51,1,5,41,53,56,56,89,9,9,39,20,61,11,57,74,9,56,26,55,26,3
70,3,20,44,0,4,43,4,85,90,60,0,5,13,66,43,98,33,67,0,21,30,112,1,4
70,106,70,51,0,6,50,24,70,3,6,3,9,11,11,18,31,35,55,2,43,9,79,5,2
57,59,60,24,25,2,1,78,23,0,12,42,60,1,24,29,15,61,62,10,104,26,28,42,0
3,4,5,4,1,0,0,36,67,3,11,118,95,4,11,33,1,82,37,87,65,52,26,2,1
38,45,61,4,36,3,0,87,8,4,0,9,53,6,31,22,29,67,78,14,94,20,35,54,0
62,69,101,21,10,2,15,108,25,0,2,30,42,10,31,24,12,36,44,10,103,32,48,4,0
58,6,22,44,0,4,44,3,93,72,55,0,4,92,80,36,36,21,69,0,2,7,127,3,4
80,50,64,51,1,5,47,24,57,5,1,4,18,8,12,18,59,41,66,4,43,11,75,39,2
35,5,28,29,0,3,27,19,127,74,60,0,4,59,96,35,25,18,75,1,15,34,64,4,4
0,1,41,0,1,0,0,15,52,20,3,94,51,5,55,21,0,27,97,25,82,63,59,5,1
43,46,107,31,3,3,29,45,48,4,5,0,18,5,16,10,93,47,79,5,51,28,64,107,2
2,1,35,6,5,1,4,62,19,3,6,32,20,1,32,46,1,107,97,124,71,31,49,12,1
13,20,81,17,7,6,0,96,30,1,10,57,72,10,8,36,8,25,54,16,79,13,51,60,0
45,32,86,101,0,10,97,39,68,1,0,3,7,8,19,8,82,69,40,5,80,28,79,49,2
56,22,98,66,3,7,61,35,32,2,2,4,15,6,14,14,60,27,67,6,65,30,69,42,2
38,11,17,12,2,3,0,73,51,41,54,0,56,12,20,21,44,47,54,22,32,37,72,23,3
86,67,86,17,1,2,12,15,68,1,3,1,17,11,19,10,115,61,38,2,78,15,60,33,2
8,7,16,21,7,4,20,56,81,19,109,7,13,12,41,34,41,16,73,11,47,38,42,2,3
63,69,69,39,3,4,36,81,12,4,6,27,22,8,11,35,27,70,89,35,92,10,28,29,0
38,7,53,13,11,2,4,28,78,19,46,3,11,19,25,47,53,30,75,6,55,21,43,28,3
18,78,110,54,35,11,42,95,15,0,1,46,48,7,9,35,4,68,84,20,89,26,28,37,0
19,5,15,25,0,2,24,23,114,78,62,0,6,119,98,42,99,26,63,0,24,9,91,0,4
30,8,55,32,1,3,27,62,53,62,121,8,52,51,25,38,56,39,59,13,17,29,58,7,3
118,61,87,77,2,8,72,42,52,6,5,3,17,8,6,17,15,86,43,5,89,29,81,36,2
30,29,77,70,5,7,66,57,57,1,5,3,7,9,14,14,44,83,80,3,76,26,58,90,2
72,34,75,50,31,9,29,106,28,3,8,27,39,7,11,24,36,56,49,9,68,33,17,49,0
70,0,23,43,0,4,43,22,126,38,99,0,0,127,71,64,76,45,57,0,1,30,107,3,4
22,7,53,29,11,4,22,87,41,23,63,0,27,26,47,59,38,60,80,23,28,9,43,24,3
62,67,61,25,14,2,7,112,37,0,11,7,42,2,13,27,27,73,77,37,96,37,47,22,0
77,115,113,12,4,1,10,32,48,2,5,1,16,5,22,12,60,62,46,1,78,36,69,45,2
45,5,4,3,0,0,2,15,77,42,56,0,7,94,27,76,66,35,54,0,6,25,110,7,4
61,121,88,46,4,5,43,31,42,2,4,1,6,3,10,23,88,65,84,3,87,19,71,31,2
9,29,61,61,23,9,60,105,27,1,1,28,84,16,10,40,23,83,80,12,101,14,49,23,0
1,3,9,17,4,2,11,31,97,11,12,53,9,1,63,25,0,42,53,73,43,45,63,7,1
90,62,78,99,4,10,94,55,63,3,2,0,9,2,25,18,114,50,88,0,97,30,60,7,2
23,12,40,49,3,6,38,43,61,24,117,9,23,35,56,46,37,20,46,8,34,25,50,29,3
3,3,10,9,1,1,8,26,47,23,5,24,27,3,44,34,0,87,102,91,55,23,50,17,1
2,2,20,17,8,2,16,5,15,6,0,26,24,4,45,25,0,87,93,39,56,50,26,6,1
36,95,93,53,10,11,30,67,18,2,4,17,46,16,26,35,20,50,59,10,97,30,60,58,0
20,6,16,60,8,8,55,58,59,51,112,6,51,24,44,33,30,53,46,17,18,10,65,1,3
80,33,113,79,1,8,77,39,30,1,3,3,5,3,21,21,110,64,46,6,101,27,78,100,2
15,9,38,7,8,2,0,68,50,43,51,4,36,43,68,50,52,41,61,15,39,11,71,22,3
65,35,54,16,14,5,0,78,38,0,5,29,67,5,18,39,6,13,80,62,71,32,31,40,0
53,5,29,26,0,2,26,1,106,46,78,0,2,73,42,55,101,38,70,1,18,32,102,1,4
43,5,49,13,10,1,2,49,80,49,40,7,12,27,72,58,28,61,62,5,19,33,49,6,3
50,24,93,19,13,6,0,101,37,3,8,20,21,7,18,33,26,50,76,53,80,33,54,34,0
88,22,97,97,1,9,96,38,58,2,1,4,20,1,7,21,106,59,82,4,85,24,41,99,2
33,32,57,27,36,7,4,99,16,3,0,18,43,11,23,31,17,31,62,57,109,11,17,33,0
2,1,8,6,3,1,2,27,82,2,12,59,17,3,32,47,1,96,86,8,72,54,58,19,1
5,7,21,62,3,7,50,26,64,39,83,6,26,20,14,21,55,44,59,13,30,25,70,6,3
7,8,48,11,1,2,9,37,44,49,78,7,45,59,61,60,15,44,72,1,42,20,42,17,3
32,6,15,7,8,1,0,68,60,17,39,6,59,21,18,17,54,63,53,7,54,23,30,19,3
57,2,1,62,0,6,62,11,98,55,55,0,11,76,48,75,80,22,70,0,1,27,96,5,4
28,4,30,38,1,5,33,73,73,36,101,1,39,6,16,63,24,24,65,20,43,13,53,12,3
88,109,111,20,6,2,15,27,74,6,1,4,20,11,15,9,120,25,51,3,58,35,69,122,2
63,42,67,89,3,9,86,16,74,0,5,1,6,12,24,22,78,84,85,4,100,6,87,45,2
7,8,43,23,1,3,16,37,53,32,72,9,52,48,48,35,33,15,75,6,13,31,41,13,3
45,39,71,28,0,4,21,106,20,5,1,47,76,9,15,27,21,28,69,53,113,10,40,18,0
13,5,20,48,12,6,40,62,85,63,78,0,47,58,23,34,63,46,45,12,39,32,53,6,3
24,5,12,61,3,7,48,31,64,53,88,3,24,52,21,41,32,43,66,22,33,10,38,30,3
41,7,35,6,10,1,2,29,47,35,65,3,45,59,59,37,52,39,48,14,18,19,50,9,3
30,29,85,32,4,9,20,112,35,2,5,36,28,3,13,43,22,50,46,21,85,33,38,42,0
1,1,33,22,8,2,22,64,78,3,2,96,63,3,4,34,0,67,89,61,127,2,4,16,1
1,0,37,15,0,2,11,33,101,24,9,98,33,2,29,9,2,24,100,55,85,0,34,17,1
38,4,25,7,6,1,3,35,74,35,50,4,56,44,50,30,37,17,78,18,55,35,72,31,3
15,1,20,34,0,3,33,19,85,101,36,0,11,62,52,32,88,22,64,0,13,16,112,2,4
0,1,43,13,12,1,12,51,76,9,7,64,102,2,22,24,0,36,34,126,49,7,10,16,1
2,0,32,14,3,1,13,77,33,15,8,16,40,5,56,39,0,108,85,61,67,12,7,12,1
25,9,60,27,5,3,24,56,43,55,60,4,14,37,62,53,34,14,45,23,53,24,30,13,3
1,3,44,2,3,0,0,6,51,14,3,30,74,2,33,33,1,75,33,95,94,63,37,14,1
42,2,41,45,3,5,40,40,45,62,127,10,62,15,36,15,35,24,54,5,54,32,37,3,3
117,64,69,78,2,7,77,29,76,4,2,0,17,8,9,17,33,31,58,1,59,7,58,42,2
54,29,107,61,24,9,57,109,11,4,6,58,52,12,7,20,32,97,72,49,87,33,24,45,0
43,36,76,11,13,3,0,77,37,3,10,40,76,17,27,19,21,37,46,57,101,9,32,60,0
0,1,11,21,5,2,18,66,16,4,1,44,85,4,11,54,2,62,27,110,45,38,66,18,1
26,5,27,12,9,2,1,77,62,56,85,2,32,55,15,61,19,56,71,16,18,36,66,2,3
0,4,23,11,4,1,7,53,48,6,6,62,46,6,31,62,2,27,35,92,49,45,66,2,1
43,49,79,47,10,10,25,68,34,1,5,39,40,1,28,23,9,84,55,56,104,15,13,59,0
66,0,0,51,0,5,51,4,119,25,34,0,5,68,68,62,76,18,69,0,4,37,126,4,4
70,2,5,25,0,2,24,15,107,27,63,0,1,96,42,49,64,32,66,1,22,8,107,6,4
1,4,46,14,0,1,11,86,100,8,4,91,84,3,38,14,1,67,60,23,122,53,38,9,1
17,11,49,33,4,5,31,39,88,23,100,1,61,59,45,45,49,27,83,8,63,33,54,22,3
62,30,52,45,22,5,33,84,22,3,4,16,20,11,24,25,20,16,82,16,91,18,20,58,0
44,61,54,20,38,6,6,108,32,0,12,41,45,13,15,41,30,70,47,61,88,35,15,9,0
44,12,55,12,10,3,9,75,78,34,88,10,11,41,14,41,13,45,62,10,58,26,34,7,3
7,4,59,36,2,4,24,31,83,14,52,4,26,48,19,21,16,58,58,20,38,12,54,15,3
59,4,20,18,0,2,18,5,90,46,68,0,10,88,41,60,74,16,52,0,20,10,110,10,4
43,71,95,97,2,10,96,26,54,1,2,5,20,6,12,25,67,36,41,2,57,36,61,83,2
2,4,3,9,9,1,6,64,44,6,11,48,57,2,49,50,1,80,46,120,94,40,44,2,1
36,0,6,60,0,6,59,21,119,75,69,0,12,25,38,65,30,46,60,0,21,15,99,0,4
1,2,48,12,8,1,10,3,26,12,8,51,3,4,24,59,0,56,61,12,116,60,52,5,1
2,4,44,1,4,1,0,83,39,3,10,124,97,2,52,3,0,111,79,52,40,61,28,14,1
104,20,113,74,2,8,68,35,70,1,2,2,8,9,19,11,98,27,44,2,63,21,40,69,2
45,5,27,48,0,5,48,23,101,36,112,0,8,119,76,75,13,34,51,0,9,38,71,0,4
0,3,16,12,9,1,8,37,51,12,10,103,89,4,18,3,2,53,42,96,46,54,7,7,1
2,4,16,18,0,2,16,87,25,5,1,29,8,4,50,4,1,90,28,19,109,32,4,2,1
58,32,52,57,36,8,54,92,25,3,12,63,80,3,28,33,14,73,77,61,108,6,16,18,0
1,3,15,15,8,2,12,31,24,20,2,44,51,6,49,3,0,59,38,118,102,18,74,17,1
50,2,18,28,0,3,28,15,86,48,41,0,3,38,49,65,21,31,56,0,20,30,96,4,4
74,43,61,2,28,4,0,104,8,1,1,4,76,11,7,29,29,20,51,10,101,34,28,17,0
76,83,117,64,2,7,60,48,44,5,1,1,9,4,11,10,81,55,39,5,54,28,61,103,2
28,10,50,55,1,6,51,54,86,30,74,6,53,10,37,52,35,26,56,20,21,26,66,27,3
47,8,49,33,6,3,23,74,60,40,64,1,38,37,52,20,40,52,65,13,41,23,58,4,3
24,22,99,20,13,2,0,96,19,0,8,2,66,5,17,27,15,77,78,36,68,8,20,39,0
2,4,14,3,5,1,3,73,92,20,8,101,17,6,33,46,1,108,51,101,68,23,65,9,1
2,4,10,7,5,1,7,19,20,14,0,98,104,3,4,15,0,44,73,18,81,51,45,13,1
75,0,34,56,0,5,56,24,116,45,105,0,3,42,37,28,49,15,52,0,25,3,117,9,4
1,3,34,19,1,2,16,56,16,21,10,49,59,3,1,0,0,110,89,63,96,57,32,10,1
33,3,17,27,8,2,17,58,89,42,44,3,40,60,58,35,19,54,60,15,42,36,47,20,3
2,3,35,6,10,0,0,29,26,10,0,58,49,1,29,41,2,60,32,95,120,59,58,4,1
71,41,81,50,27,5,39,117,33,3,9,29,60,18,9,31,20,17,86,53,91,22,59,13,0
10,29,108,35,28,7,32,80,16,0,5,50,45,3,29,34,1,58,50,9,88,26,25,27,0
28,88,116,25,21,4,2,111,18,5,5,3,77,4,19,43,7,98,65,1,67,27,52,54,0
43,11,33,21,5,3,10,30,68,39,112,7,34,5,75,33,29,28,57,15,51,31,28,19,3
1,1,42,6,12,1,5,56,83,7,5,24,67,2,61,23,2,92,66,57,120,28,0,9,1
106,1,19,41,0,4,40,0,91,70,98,0,1,50,73,50,30,25,66,0,8,21,76,6,4
53,65,54,40,30,8,37,72,29,4,9,20,20,1,14,28,11,24,47,29,95,19,14,23,0
63,4,22,6,0,0,6,8,99,30,37,0,0,41,50,48,43,40,75,0,10,3,115,7,4
97,117,67,97,5,10,97,23,36,4,0,4,6,9,24,6,40,77,80,6,101,32,57,108,2
3,2,19,14,8,2,11,77,26,10,2,99,50,3,50,48,1,60,86,44,55,49,53,4,1
43,88,108,17,31,4,0,107,17,0,12,9,82,16,24,44,37,84,57,50,64,23,36,43,0
31,6,39,56,10,7,52,71,56,39,123,7,55,6,21,35,38,50,68,22,56,33,67,10,3
108,35,108,12,0,2,11,19,49,4,4,0,20,4,6,22,101,58,39,3,42,10,40,24,2
44,17,114,77,5,8,74,51,68,4,5,4,9,1,18,17,114,41,64,2,52,12,55,66,2
2,0,8,12,12,2,7,35,13,6,1,74,10,3,48,34,0,91,76,40,55,50,52,20,1
3,2,20,19,3,3,17,51,20,9,9,55,70,2,48,26,0,94,57,56,79,54,61,7,1
3,1,31,10,5,2,6,43,28,13,7,65,37,2,38,36,2,37,64,56,87,23,75,12,1
9,10,23,19,0,4,6,43,75,23,53,8,58,7,60,32,43,61,80,1,49,21,72,20,3
63,5,16,10,0,1,9,18,120,37,33,0,9,42,86,42,120,43,66,0,24,11,98,5,4
41,5,8,46,0,4,45,14,125,95,95,0,3,101,67,39,79,41,72,0,11,24,108,4,4
22,6,17,58,6,7,50,61,79,37,73,0,13,21,36,53,21,59,53,14,60,27,58,3,3
2,2,44,1,1,1,0,79,14,12,0,35,9,4,56,26,2,91,78,31,95,33,31,19,1
94,20,116,54,4,5,51,26,35,3,1,4,18,1,11,13,52,61,74,3,68,10,43,94,2
115,54,84,54,5,6,51,35,47,3,5,0,12,10,14,17,28,42,53,2,43,19,88,75,2
15,3,35,34,1,5,24,34,71,47,40,10,47,61,47,37,36,30,77,23,60,28,71,22,3
9,7,18,10,0,1,2,52,83,47,104,5,29,40,67,20,48,39,49,20,26,33,63,26,3
58,1,21,44,0,4,43,15,109,51,33,0,6,30,69,66,73,27,67,0,13,5,115,6,4
63,43,87,55,18,11,43,68,35,4,6,57,70,13,22,22,29,28,88,62,110,10,34,62,0
34,27,81,51,17,10,39,70,22,4,1,26,53,1,8,34,24,40,64,13,102,36,31,5,0
28,49,62,73,5,7,70,17,60,3,2,5,11,1,7,15,117,55,66,0,84,29,85,60,2
38,5,48,50,10,6,41,78,46,32,53,0,18,54,39,17,13,16,60,11,48,11,62,22,3
31,12,15,51,0,7,42,42,88,22,79,1,15,59,35,60,16,59,60,12,60,21,36,31,3
48,4,12,60,0,6,59,8,91,99,108,0,10,77,54,33,31,30,57,0,6,5,114,7,4
2,4,8,11,1,1,9,21,80,16,1,64,76,2,59,57,1,35,45,64,118,7,10,11,1
30,2,57,22,2,3,10,43,84,34,119,8,22,54,54,47,6,38,69,4,45,32,26,17,3
68,83,68,50,16,11,37,111,15,1,7,63,48,3,20,28,21,61,61,21,74,28,42,16,0
0,5,31,15,12,2,12,3,34,12,8,122,69,3,44,50,1,92,92,85,63,41,28,2,1
0,2,8,22,5,2,21,54,55,1,12,112,13,2,27,45,1,74,97,77,83,43,21,0,1
49,2,12,47,0,4,47,1,99,63,97,0,7,100,63,30,54,18,73,0,19,31,93,2,4
107,43,85,92,6,9,90,61,32,5,6,1,12,2,25,21,71,56,54,5,77,29,75,84,2
22,5,44,57,9,7,46,60,65,63,65,0,50,10,33,41,7,28,56,3,55,6,66,6,3
52,24,114,62,4,6,57,43,39,5,5,3,11,3,21,25,23,77,45,1,94,16,84,11,2
43,63,52,27,27,3,7,64,24,5,5,59,76,9,11,43,13,70,84,6,97,23,49,59,0
0,2,32,13,0,2,9,28,79,20,2,69,68,3,36,6,0,105,86,28,111,1,42,11,1
48,7,57,36,4,5,29,29,52,20,44,7,42,21,23,42,44,50,60,4,25,19,62,12,3
43,3,21,36,12,4,29,72,63,50,92,2,32,53,68,40,56,56,51,17,29,7,37,23,3
0,4,35,1,12,1,0,11,45,15,4,34,59,1,45,13,2,37,34,64,122,37,73,4,1
124,3,24,16,0,1,15,24,81,32,104,0,8,76,53,38,70,41,75,0,24,7,80,8,4
32,6,73,48,32,10,37,107,23,3,2,14,44,1,15,36,16,27,62,8,99,7,32,36,0
2,3,10,23,3,2,20,45,72,2,6,36,33,4,60,58,0,27,91,51,71,18,26,20,1
84,2,5,36,0,3,36,10,88,102,91,0,0,96,56,50,67,46,64,0,22,4,97,8,4
13,10,60,8,1,2,6,33,68,60,60,4,34,46,29,27,62,18,72,10,12,26,36,12,3
48,84,61,49,27,8,36,114,17,6,0,60,82,3,31,31,10,66,48,58,95,31,32,34,0
1,3,41,19,0,2,14,89,49,20,4,67,67,5,4,57,0,16,58,39,123,34,61,16,1
25,68,116,54,1,5,50,50,51,3,5,5,13,8,14,24,104,54,75,3,72,30,40,45,2
31,2,16,32,0,3,31,13,123,35,65,0,8,19,76,75,46,27,52,0,25,7,110,6,4
17,76,81,44,24,9,42,108,21,1,0,13,15,18,19,44,21,35,76,12,84,31,57,22,0
17,6,41,23,7,2,20,82,40,29,41,6,49,43,47,62,39,48,64,7,19,34,42,23,3
31,1,45,60,9,7,57,72,88,42,98,2,54,17,15,21,53,22,56,1,35,26,27,23,3
21,79,81,20,30,3,19,75,16,5,12,18,59,8,31,32,36,23,88,11,119,14,18,28,0
8,94,71,45,20,9,23,79,23,1,8,23,60,16,19,28,34,59,56,55,92,21,43,32,0
85,69,77,16,5,2,10,55,52,1,0,0,7,9,15,20,126,42,63,2,39,17,74,114,2
37,5,13,42,0,4,41,21,101,26,41,0,3,89,76,40,88,27,61,0,3,35,125,5,4
38,7,42,61,11,7,51,80,88,60,118,3,16,49,41,57,25,39,80,14,35,22,48,1,3
46,5,32,12,0,1,12,8,87,70,93,0,9,120,81,55,47,44,71,0,5,23,77,2,4
45,60,92,89,0,10,87,60,56,4,5,3,17,2,6,22,18,80,54,5,51,11,49,108,2
17,59,106,45,35,4,26,118,24,3,2,63,76,10,14,31,4,33,49,33,64,35,23,10,0
54,103,88,84,0,8,83,14,58,4,0,2,19,2,18,17,81,74,43,1,56,29,61,24,2
108,3,35,21,0,2,21,20,77,64,61,0,7,32,49,36,102,46,70,0,15,6,74,2,4
106,89,125,37,4,4,36,43,66,0,5,2,5,11,10,11,72,84,63,5,41,14,54,60,2
48,1,5,24,0,2,22,11,104,79,50,0,11,61,72,51,125,35,76,0,3,38,108,3,4
90,71,112,74,2,8,71,60,66,2,5,3,18,1,18,6,28,49,86,4,55,11,80,95,2
11,11,13,21,6,4,16,63,89,16,77,6,35,37,48,43,22,47,54,9,44,24,46,3,3
33,68,52,52,18,9,40,83,17,3,11,16,14,3,28,43,8,64,71,11,108,17,47,32,0
56,63,60,10,8,2,7,84,15,3,4,45,33,6,28,44,26,21,87,50,116,38,57,10,0
3,3,29,19,5,2,15,53,45,3,1,92,32,3,20,53,0,33,57,106,96,16,46,8,1
54,35,119,97,5,10,97,16,54,1,1,2,7,5,17,18,68,67,47,2,53,15,63,102,2
34,6,19,50,6,6,47,47,54,47,88,1,40,22,56,30,46,28,60,25,29,18,29,3,3
24,5,13,6,0,0,5,2,102,41,37,0,7,48,90,26,28,47,68,0,24,19,115,1,4
12,9,17,38,0,6,32,26,73,21,38,0,60,48,47,22,27,57,44,16,29,12,38,17,3
20,2,53,9,4,1,3,45,62,51,95,3,16,30,46,50,47,18,75,11,31,16,66,18,3
27,1,18,21,5,2,20,65,71,17,103,1,25,60,49,51,29,61,60,13,45,19,54,17,3
35,9,53,16,12,2,11,78,70,63,57,7,58,18,70,53,32,53,47,16,40,15,60,16,3
46,121,99,76,3,8,74,18,61,5,2,2,7,11,25,20,26,48,42,5,84,16,64,38,2
1,3,25,19,1,2,16,18,66,13,4,110,73,3,18,39,2,100,102,104,47,41,47,8,1
75,82,111,36,1,4,31,31,38,0,2,0,17,5,22,13,121,79,60,5,57,38,42,84,2
35,4,4,19,0,2,19,9,77,29,112,0,1,68,28,46,58,48,70,1,2,37,119,4,4
2,3,46,17,4,2,12,32,89,12,4,83,62,3,40,14,1,114,43,81,118,19,56,16,1
112,5,34,51,0,5,49,2,121,64,38,0,9,87,96,35,102,15,62,0,3,31,109,3,4
5,51,75,40,25,7,27,92,6,3,0,34,32,18,6,40,26,85,84,7,69,11,22,34,0
52,21,74,28,24,8,25,110,12,2,12,17,40,16,26,35,30,22,74,4,118,11,34,38,0
117,4,10,50,0,5,49,17,118,31,90,0,6,111,26,58,122,23,56,0,22,20,119,8,4
74,44,49,17,19,5,2,97,20,2,9,37,49,7,7,21,16,98,44,60,72,16,36,15,0
2,1,36,10,7,1,6,40,75,11,10,124,12,3,39,1,0,13,33,45,100,27,13,4,1
0,1,19,15,1,2,8,6,100,8,7,126,13,5,46,17,1,72,46,102,96,25,36,12,1
44,80,125,80,5,8,77,16,62,1,5,3,19,3,20,8,18,70,47,1,58,13,48,113,2
1,0,32,19,10,3,18,92,29,8,1,110,100,6,22,10,1,87,44,75,47,37,1,4,1
2,3,9,11,3,2,5,81,77,3,1,65,38,3,24,50,1,110,54,52,107,58,43,13,1
69,127,61,99,3,10,98,59,32,3,5,0,6,12,17,9,31,75,76,2,64,30,59,78,2
52,42,106,88,2,9,84,30,29,2,3,1,8,5,22,14,86,81,45,2,88,17,59,85,2
7,11,105,33,24,6,22,104,9,3,7,18,35,10,11,39,21,47,70,53,103,8,48,46,0
116,6,2,11,0,1,10,14,110,84,100,0,4,121,76,26,29,32,66,0,15,24,93,3,4
118,113,68,21,3,3,19,63,44,1,0,4,5,6,17,10,29,34,74,0,42,31,44,86,2
58,43,55,41,14,7,24,114,11,1,5,21,24,19,17,28,12,101,55,24,108,20,49,39,0
72,89,112,61,2,7,55,20,65,1,1,0,13,11,21,16,122,46,54,1,51,16,60,38,2
50,6,68,49,7,9,36,107,9,3,8,26,82,8,7,24,15,14,54,53,74,28,44,17,0
48,70,99,59,2,6,53,39,28,3,3,2,7,10,12,11,40,74,56,2,86,10,50,95,2
45,7,47,31,4,3,21,63,41,28,57,4,41,38,69,45,29,62,57,15,42,31,60,4,3
13,93,92,16,6,5,1,69,38,5,5,7,73,10,24,32,11,87,88,16,95,18,59,33,0
5,6,16,26,2,4,18,37,60,61,47,8,48,14,35,59,51,39,79,18,47,24,47,24,3
95,44,87,8,2,0,6,43,75,2,1,0,8,2,11,20,108,63,70,2,63,36,39,46,2
101,4,7,53,0,5,52,11,107,51,73,0,9,103,50,28,127,14,55,0,12,28,64,5,4
2,0,44,16,12,2,10,87,42,6,1,88,41,5,47,46,1,32,51,90,54,35,51,17,1
115,4,18,32,0,3,32,24,104,41,93,0,5,79,27,66,31,50,65,0,18,24,108,4,4
20,3,52,63,2,6,57,50,53,43,43,8,18,36,28,39,50,12,78,14,22,27,27,15,3
0,3,19,24,3,3,22,64,38,23,8,96,23,3,63,35,2,20,33,99,67,28,19,10,1
112,3,7,5,0,0,5,0,91,75,78,0,9,18,49,71,31,47,55,0,22,32,123,4,4
53,4,19,23,0,2,22,19,127,59,75,0,9,114,75,30,121,43,57,0,8,22,102,8,4
37,3,28,23,0,2,22,8,106,37,41,0,4,114,87,40,17,21,73,1,21,12,126,7,4
3,0,6,23,10,2,21,38,66,25,3,20,65,2,34,50,0,18,86,112,114,61,68,4,1
21,10,28,57,7,7,53,46,49,52,110,0,15,55,36,53,56,52,77,4,34,28,28,13,3
65,67,124,32,4,3,31,25,54,0,0,3,16,1,21,23,88,49,59,1,49,36,87,96,2
75,5,32,23,0,2,23,15,101,101,26,0,1,53,28,36,109,35,64,0,20,31,64,1,4
93,2,12,56,0,5,55,15,88,96,88,0,5,22,84,45,74,37,64,1,4,5,104,5,4
1,2,32,6,7,1,1,1,81,16,11,59,62,5,33,12,1,97,45,43,125,42,29,6,1
1,1,16,22,7,3,18,62,28,24,10,24,91,3,63,37,2,41,81,95,60,20,44,18,1
43,101,92,79,0,8,77,24,35,5,5,5,7,6,14,8,102,66,58,6,73,26,45,37,2
48,3,15,18,0,1,17,0,103,81,100,0,8,113,79,66,44,34,55,0,6,37,91,7,4
33,3,23,61,8,8,50,76,80,24,122,5,58,38,19,33,19,47,79,4,51,29,73,6,3
52,6,3,9,0,0,9,12,88,56,110,0,3,49,76,51,118,22,53,1,18,34,91,4,4
41,3,14,24,1,2,17,74,53,40,58,4,35,54,50,51,28,21,72,24,43,22,29,14,3
29,1,31,52,0,5,51,18,96,37,35,0,10,62,45,63,53,26,65,0,24,25,81,3,4
53,72,116,27,28,3,16,69,22,2,12,2,39,9,30,41,4,74,66,62,84,19,22,9,0
76,58,85,58,0,6,52,33,37,2,3,3,8,10,25,8,32,80,63,1,47,26,62,93,2
35,7,23,40,6,6,30,32,56,63,59,1,61,51,71,15,16,47,72,19,33,25,70,19,3
6,4,42,38,2,4,34,80,65,32,90,10,35,33,67,63,17,35,69,11,61,26,33,1,3
1,2,31,2,12,1,1,11,78,23,6,108,101,6,16,56,0,25,87,46,90,24,57,5,1
22,37,68,60,28,6,39,88,30,5,0,13,20,1,21,37,3,79,58,15,76,34,15,33,0
0,1,18,18,0,2,12,72,35,15,9,35,105,5,32,17,1,109,93,105,65,54,72,8,1
3,1,46,0,11,0,0,85,46,8,8,81,54,1,47,36,0,53,35,23,88,17,33,12,1
0,1,1,4,6,1,2,69,43,24,9,63,30,3,48,15,0,65,44,99,115,63,18,17,1
2,3,14,6,3,1,4,32,17,1,0,99,22,3,58,6,0,109,53,43,47,0,42,18,1
28,2,35,30,9,5,22,38,54,57,91,8,52,5,25,52,4,55,60,4,31,32,73,30,3
14,4,42,26,2,4,23,71,69,22,103,9,52,24,58,62,25,58,70,5,24,11,58,24,3
65,52,86,53,4,6,52,25,37,2,6,2,5,11,18,17,106,79,88,2,87,9,85,16,2
8,65,48,25,10,8,8,113,7,5,8,15,40,18,8,27,33,60,47,32,90,36,13,17,0
30,109,75,10,1,1,9,57,51,2,4,3,2,10,15,19,93,60,40,3,51,25,38,91,2
0,4,10,16,11,2,15,7,63,6,5,116,15,4,59,42,0,84,95,76,84,60,37,9,1
97,121,127,27,2,3,22,29,54,5,6,0,12,9,12,6,83,71,56,0,100,26,65,94,2
2,2,0,21,8,3,17,84,95,12,9,62,16,6,33,62,0,34,73,33,54,47,42,17,1
38,49,103,99,1,10,98,54,50,3,0,2,3,9,18,7,69,64,84,6,55,20,78,102,2
66,61,85,30,21,8,7,89,32,4,4,30,23,2,9,42,14,76,64,11,78,20,35,34,0
38,3,54,62,8,8,58,66,70,14,63,10,35,49,57,56,31,40,80,18,43,18,27,8,3
66,55,114,47,16,6,36,105,15,0,4,32,78,4,26,44,36,18,62,18,112,16,41,2,0
2,3,36,6,9,1,1,90,60,15,7,123,71,5,33,14,0,98,65,122,76,24,28,2,1
22,12,36,61,6,7,56,29,77,62,39,5,37,27,58,63,11,57,51,15,61,20,65,1,3
63,4,8,54,0,5,53,22,84,50,91,0,11,107,55,25,119,21,60,1,24,24,113,9,4
24,80,114,36,3,4,28,79,18,0,8,24,26,1,28,39,10,77,72,34,86,23,38,35,0
30,4,19,2,0,0,1,11,88,83,58,0,1,49,59,30,38,38,52,0,14,5,78,0,4
2,0,47,25,6,3,21,16,79,23,2,18,2,3,9,55,0,35,50,33,103,60,20,10,1
31,3,59,63,8,7,57,77,86,41,126,5,37,6,49,60,13,19,76,0,24,34,26,22,3
87,3,27,49,0,5,48,0,96,39,31,0,9,79,99,71,14,20,71,0,19,19,103,7,4
92,29,95,26,3,3,22,25,49,5,5,3,18,2,16,22,13,52,46,0,100,16,48,90,2
88,78,78,59,5,6,55,29,36,5,5,1,13,12,8,20,125,42,63,0,92,13,61,25,2
52,89,76,61,37,8,46,64,14,3,9,55,73,17,24,35,29,61,69,49,119,15,21,43,0
0,4,45,22,2,3,16,66,68,23,12,37,74,2,25,27,0,21,53,121,48,45,33,19,1
100,5,29,6,0,0,5,22,111,97,51,0,2,109,39,72,56,21,54,1,5,10,92,10,4
38,29,78,85,4,8,84,33,42,5,5,1,3,8,7,23,69,41,51,1,66,31,74,74,2
16,4,31,48,0,4,48,19,109,88,68,0,10,107,69,50,109,25,55,0,6,14,81,0,4
37,5,15,34,0,3,34,16,121,85,40,0,2,31,58,47,72,39,51,0,6,24,69,4,4
1,3,21,4,4,0,3,70,69,3,10,26,31,3,53,9,2,15,58,24,97,14,67,8,1
76,89,86,73,0,7,70,14,49,3,0,1,14,11,18,7,117,87,62,4,56,37,56,110,2
32,94,92,33,27,7,9,111,26,2,2,42,71,6,7,34,20,33,47,2,77,6,20,62,0
49,2,0,62,0,6,61,7,98,59,52,0,1,61,96,26,35,43,52,0,1,14,76,0,4
2,5,17,17,8,2,15,12,14,2,0,124,91,2,41,41,1,76,86,29,65,29,36,0,1
52,90,79,35,25,9,14,68,11,1,9,36,33,3,24,37,36,57,63,5,66,20,29,17,0
124,101,127,21,2,2,17,22,76,4,2,1,9,9,8,16,106,39,48,4,87,30,41,127,2
3,3,35,10,8,2,4,16,80,9,9,60,28,2,10,13,1,102,86,61,101,33,23,4,1
38,6,57,45,10,6,43,28,56,49,61,8,52,29,35,15,57,45,51,7,58,28,54,11,3
2,3,7,6,0,1,5,26,29,14,0,50,36,3,34,10,0,107,56,67,51,29,24,0,1
42,69,55,42,10,6,25,86,33,3,12,3,59,4,28,41,33,19,63,15,119,8,24,41,0
19,56,70,40,18,7,27,108,12,5,9,16,13,8,12,28,32,91,87,0,101,33,50,8,0
13,75,107,24,31,2,5,95,38,0,10,48,34,19,17,28,31,52,89,49,77,32,42,23,0
51,1,26,14,0,1,13,23,89,67,68,0,11,39,25,49,40,21,57,0,10,28,69,7,4
37,1,32,38,5,4,29,53,58,42,91,9,57,9,65,32,24,48,46,21,14,19,43,22,3
7,5,39,52,11,6,47,52,75,16,89,9,27,29,13,60,9,49,67,5,29,23,43,6,3
27,6,34,40,0,4,39,11,120,46,81,0,10,89,70,58,54,14,76,0,13,19,94,3,4
63,47,85,29,2,6,9,105,19,5,9,37,16,7,8,44,35,18,86,2,87,31,52,61,0
16,9,74,9,14,4,3,110,9,2,11,47,65,15,10,40,26,64,84,38,81,29,42,7,0
2,1,33,22,11,3,18,65,46,18,9,58,68,4,54,51,0,24,32,17,104,59,57,2,1
39,6,54,13,3,3,9,87,45,43,42,5,45,61,48,60,53,31,56,1,20,31,31,28,3
35,1,12,57,0,6,57,4,100,94,72,0,5,118,28,69,36,22,58,0,2,10,91,1,4
124,0,29,36,0,3,35,18,114,87,54,0,3,95,73,59,41,38,74,0,13,18,67,0,4
20,3,59,45,8,4,40,88,86,47,74,1,12,43,72,16,38,29,60,11,43,7,55,24,3
96,35,66,63,5,6,62,49,52,2,5,0,20,10,23,12,78,30,89,2,41,23,72,38,2
15,8,16,37,6,6,32,37,76,50,44,5,47,49,73,13,61,37,59,16,34,26,44,18,3
3,4,37,13,0,2,8,49,63,23,4,91,42,4,61,5,1,111,31,62,107,41,13,1,1
101,0,20,11,0,1,10,22,90,40,88,0,8,111,52,41,44,40,54,0,3,9,117,5,4
2,1,27,0,12,0,0,78,15,13,6,105,87,3,15,35,0,87,98,22,64,41,6,10,1
91,5,6,41,0,4,40,7,93,64,43,0,0,119,65,41,45,17,72,0,7,3,123,0,4
44,11,50,49,6,6,43,55,53,59,113,3,18,19,71,61,19,34,76,5,40,17,28,19,3
40,6,47,61,10,7,59,55,79,54,45,9,48,8,29,15,25,41,68,5,22,21,40,30,3
12,8,27,47,10,4,46,58,86,54,54,7,48,18,21,34,27,60,80,20,31,21,28,11,3
37,10,36,28,5,5,26,69,64,43,89,2,21,41,57,44,36,62,82,21,34,18,74,14,3
1,3,5,18,2,2,13,29,57,3,10,82,106,2,43,26,1,27,47,38,93,58,28,14,1
16,5,28,27,6,4,21,61,50,20,62,2,26,43,36,54,51,32,46,18,44,8,36,13,3
83,41,77,77,4,8,75,48,48,0,3,2,3,3,22,7,116,59,41,1,75,25,62,71,2
18,4,23,1,0,0,0,6,118,31,110,0,9,14,28,35,19,49,62,0,17,36,122,0,4
70,81,96,10,4,4,0,69,14,1,12,19,46,3,10,20,12,84,54,47,69,30,15,54,0
16,21,71,45,13,10,22,112,14,4,7,8,34,10,19,23,36,26,72,46,98,33,41,52,0
117,6,0,49,0,5,48,18,99,99,62,0,7,106,46,72,71,28,55,1,9,1,103,5,4
2,4,5,12,10,1,7,43,85,25,8,51,104,4,8,53,2,91,71,47,49,9,31,14,1
125,3,1,56,0,5,55,4,90,79,41,0,7,115,52,49,18,21,51,0,6,4,110,1,4
1,1,22,17,1,1,14,18,66,15,10,93,65,2,52,45,1,67,100,98,80,8,62,19,1
0,0,19,20,6,3,15,47,64,18,3,114,48,4,45,19,1,95,39,36,119,46,35,19,1
61,13,120,31,15,6,7,103,23,5,4,57,51,12,8,38,25,44,71,3,120,28,33,48,0
56,122,73,61,2,7,59,40,38,5,0,0,18,4,15,7,66,88,85,3,43,21,84,80,2
100,2,22,2,0,0,1,6,79,34,69,0,1,117,50,63,23,15,69,1,11,1,66,4,4
68,13,106,5,21,6,0,85,29,5,3,3,17,6,30,43,4,77,65,12,94,14,44,13,0
22,3,57,39,11,5,31,37,71,58,121,7,24,40,37,25,19,44,45,11,28,8,26,18,3
12,75,109,38,5,10,18,83,20,2,6,22,74,16,9,43,24,87,74,28,106,37,26,51,0
1,1,3,18,12,2,18,76,62,12,11,123,45,3,46,30,1,114,93,91,74,39,69,15,1
0,4,9,14,8,1,12,74,52,6,10,21,33,3,61,48,0,103,85,24,66,21,28,0,1
76,53,118,55,1,10,37,94,14,4,1,28,45,18,28,25,19,28,85,55,81,26,43,11,0
13,8,39,41,9,6,29,72,79,46,90,6,21,36,27,21,43,48,54,14,58,12,54,10,3
24,9,29,6,9,2,0,58,50,20,119,1,30,17,21,60,20,47,81,23,36,30,76,18,3
15,11,50,42,10,5,40,28,55,35,78,3,11,25,52,30,25,33,52,4,55,25,53,11,3
69,33,59,49,34,10,28,98,27,4,9,42,85,5,17,29,2,76,67,12,105,13,40,50,0
